Crime_ID,Crime_Type,Location,Date,Time,Victim_Age,Suspect_Age,Weapon_Used,Latitude,Longitude
1001,Burglary,Shenzhen,2024-01-01,00:00,63,30,Unknown,27.49080238,103.7026586
1002,Fraud,Wuhan,2024-01-01,00:01,47,59,Unknown,39.01428613,110.8380189
1003,Burglary,Beijing,2024-01-01,00:02,57,20,Unknown,34.63987884,117.4589167
1004,Assault,Chongqing,2024-01-02,00:04,35,26,Knife,31.97316968,114.6444977
1005,Assault,Shenzhen,2024-01-02,00:05,68,29,None,23.12037281,116.131223
1006,Theft,Guangzhou,2024-01-02,00:07,65,40,Gun,23.11989041,113.1756673
1007,Vandalism,Shenzhen,2024-01-03,00:08,19,31,Knife,21.16167224,113.8455313
1008,Burglary,Chongqing,2024-01-03,00:10,49,50,Knife,37.32352292,116.983913
1009,Theft,Chongqing,2024-01-03,00:11,25,35,None,32.02230023,104.9933602
1010,Vandalism,Chongqing,2024-01-04,00:12,39,66,Bat,34.16145156,109.7884993
1011,Burglary,Guangzhou,2024-01-04,00:14,23,58,Knife,20.41168989,104.4241888
1012,Fraud,Shanghai,2024-01-05,00:15,29,26,Bat,39.39819704,119.7533602
1013,Burglary,Wuhan,2024-01-05,00:17,64,40,Bat,36.64885282,118.8811868
1014,Assault,Beijing,2024-01-05,00:18,57,27,Unknown,24.24678221,100.7885362
1015,Assault,Shenzhen,2024-01-06,00:20,53,36,None,23.63649934,114.1115035
1016,Fraud,Guangzhou,2024-01-06,00:21,32,64,Bat,23.6680902,118.5049663
1017,Theft,Chengdu,2024-01-06,00:23,45,22,None,26.08484486,103.6115069
1018,Vandalism,Beijing,2024-01-07,00:24,69,64,Unknown,30.49512863,111.3589046
1019,Burglary,Shanghai,2024-01-07,00:25,66,69,None,28.63890037,118.309766
1020,Assault,Guangzhou,2024-01-07,00:27,62,40,Knife,25.8245828,100.6789196
1021,Theft,Xi'an,2024-01-08,00:28,35,47,Bat,32.23705789,113.9484053
1022,Fraud,Xi'an,2024-01-08,00:30,19,42,None,22.78987721,105.9469801
1023,Assault,Wuhan,2024-01-09,00:31,30,45,Gun,25.84289297,118.4879239
1024,Fraud,Wuhan,2024-01-09,00:33,62,51,None,27.32723687,119.4211649
1025,Burglary,Shanghai,2024-01-09,00:34,32,62,Bat,29.12139968,118.8853298
1026,Vandalism,Shanghai,2024-01-10,00:36,37,65,Unknown,35.70351923,109.4842843
1027,Assault,Wuhan,2024-01-10,00:37,46,64,Unknown,23.99347564,117.240853
1028,Assault,Shenzhen,2024-01-10,00:38,59,42,Bat,30.28468877,116.890988
1029,Burglary,Shenzhen,2024-01-11,00:40,46,27,Knife,31.84829138,106.3820095
1030,Theft,Guangzhou,2024-01-11,00:41,20,31,Knife,20.92900825,116.5783095
1031,Vandalism,Chengdu,2024-01-11,00:43,36,59,Unknown,32.15089704,100.7401527
1032,Assault,Guangzhou,2024-01-12,00:44,20,63,Unknown,23.41048247,111.9253976
1033,Vandalism,Chengdu,2024-01-12,00:46,31,47,Bat,21.30103186,104.6001767
1034,Assault,Shanghai,2024-01-13,00:47,57,58,Knife,38.97771075,102.4113377
1035,Vandalism,Beijing,2024-01-13,00:48,21,42,Unknown,39.31264066,101.539064
1036,Fraud,Guangzhou,2024-01-13,00:50,69,31,Knife,36.16794696,113.9257755
1037,Assault,Guangzhou,2024-01-14,00:51,28,52,Unknown,26.09227538,106.7974993
1038,Vandalism,Chengdu,2024-01-14,00:53,48,69,None,21.95344228,114.4953354
1039,Theft,Chongqing,2024-01-14,00:54,60,65,Gun,33.68466053,101.3071268
1040,Fraud,Shanghai,2024-01-15,00:56,49,51,None,28.80304987,106.3058068
1041,Fraud,Shanghai,2024-01-15,00:57,44,27,Unknown,22.4407647,110.7898258
1042,Theft,Xi'an,2024-01-15,00:59,47,52,Gun,29.9035382,115.8144633
1043,Vandalism,Chongqing,2024-01-16,01:00,60,28,Gun,20.68777042,106.3750501
1044,Burglary,Chengdu,2024-01-16,01:01,19,28,Unknown,38.18640804,112.5178275
1045,Theft,Shanghai,2024-01-17,01:03,66,38,Unknown,25.17559963,117.719555
1046,Vandalism,Chongqing,2024-01-17,01:04,26,38,Knife,33.25044569,112.3172638
1047,Theft,Wuhan,2024-01-17,01:06,45,39,Unknown,26.23422152,104.6591895
1048,Theft,Chongqing,2024-01-18,01:07,48,62,Bat,30.40136042,100.4880156
1049,Assault,Shenzhen,2024-01-18,01:09,51,24,Unknown,30.93420559,117.4019775
1050,Vandalism,Xi'an,2024-01-18,01:10,32,34,Bat,23.69708911,100.4253882
1051,Burglary,Wuhan,2024-01-19,01:12,65,19,Unknown,39.39169256,117.4940335
1052,Assault,Beijing,2024-01-19,01:13,42,29,Knife,35.50265647,110.5787427
1053,Theft,Guangzhou,2024-01-19,01:14,53,59,Bat,38.78997883,118.781354
1054,Theft,Xi'an,2024-01-20,01:16,25,35,None,37.89654701,115.9756647
1055,Theft,Beijing,2024-01-20,01:17,26,28,Bat,31.95799958,119.9586822
1056,Vandalism,Guangzhou,2024-01-21,01:19,54,33,Knife,38.4374847,107.0142363
1057,Vandalism,Shenzhen,2024-01-21,01:20,65,66,Bat,21.76985004,115.3437658
1058,Assault,Chongqing,2024-01-21,01:22,62,68,Unknown,23.91965725,108.0386183
1059,Burglary,Shanghai,2024-01-22,01:23,56,35,Unknown,20.90454578,109.5975124
1060,Assault,Wuhan,2024-01-22,01:24,49,52,Knife,26.50660662,112.5501093
1061,Fraud,Chengdu,2024-01-22,01:26,69,43,Gun,27.77354579,117.4735423
1062,Theft,Wuhan,2024-01-23,01:27,34,33,Unknown,25.42698064,119.6816694
1063,Theft,Shenzhen,2024-01-23,01:29,52,23,None,36.57475018,115.3654683
1064,Theft,Beijing,2024-01-24,01:30,54,61,Knife,27.13506653,108.3553356
1065,Assault,Chengdu,2024-01-24,01:32,36,60,Bat,25.61869019,108.42714
1066,Assault,Shanghai,2024-01-24,01:33,61,64,Bat,30.85392166,114.751646
1067,Theft,Shenzhen,2024-01-25,01:35,46,64,None,22.8184845,104.7755429
1068,Assault,Chengdu,2024-01-25,01:36,24,65,Unknown,36.04393962,102.2094823
1069,Vandalism,Shenzhen,2024-01-25,01:37,45,59,Knife,21.49101287,107.0924432
1070,Vandalism,Chongqing,2024-01-26,01:39,26,29,None,39.73773873,105.7447798
1071,Assault,Shenzhen,2024-01-26,01:40,45,30,Unknown,35.44489539,105.9261624
1072,Theft,Shanghai,2024-01-26,01:42,23,21,Knife,23.97431363,104.672155
1073,Assault,Xi'an,2024-01-27,01:43,46,56,Bat,20.11044234,100.8418638
1074,Assault,Guangzhou,2024-01-27,01:45,34,19,Knife,36.30922857,100.3574787
1075,Assault,Chengdu,2024-01-28,01:46,33,43,Gun,34.13714688,119.7544478
1076,Fraud,Chongqing,2024-01-28,01:48,40,44,Knife,34.58014336,108.5554627
1077,Vandalism,Shanghai,2024-01-28,01:49,48,44,Gun,35.42540693,107.6865329
1078,Burglary,Shenzhen,2024-01-29,01:50,20,32,Knife,21.48089303,113.5929457
1079,Burglary,Chongqing,2024-01-29,01:52,38,25,Gun,27.16931457,104.3650778
1080,Fraud,Shanghai,2024-01-29,01:53,43,24,Bat,22.31738119,118.9992237
1081,Assault,Xi'an,2024-01-30,01:55,53,64,Unknown,37.26206852,115.7269003
1082,Fraud,Chongqing,2024-01-30,01:56,59,63,Gun,32.46596254,101.78822
1083,Fraud,Chongqing,2024-01-30,01:58,54,57,Gun,26.6179605,108.3516155
1084,Theft,Guangzhou,2024-01-31,01:59,39,29,Bat,21.27116701,117.5823662
1085,Vandalism,Wuhan,2024-01-31,02:00,59,30,Gun,26.21964643,118.8946404
1086,Burglary,Chengdu,2024-02-01,02:02,29,60,None,26.50366644,109.3480302
1087,Assault,Guangzhou,2024-02-01,02:03,59,34,Bat,34.59212357,112.2682278
1088,Burglary,Beijing,2024-02-01,02:05,30,34,None,32.75114943,103.3406789
1089,Burglary,Chengdu,2024-02-02,02:06,28,53,Bat,37.74425485,119.8233725
1090,Vandalism,Guangzhou,2024-02-02,02:08,33,38,Gun,29.4442985,104.633434
1091,Burglary,Shenzhen,2024-02-02,02:09,25,25,None,22.39188492,118.8546355
1092,Burglary,Chengdu,2024-02-03,02:11,57,22,Gun,34.26489574,112.992933
1093,Fraud,Chengdu,2024-02-03,02:12,57,43,Bat,35.21570097,112.1547359
1094,Vandalism,Shanghai,2024-02-03,02:13,62,33,Gun,31.22554395,110.2537702
1095,Theft,Shenzhen,2024-02-04,02:15,19,53,None,35.4193436,104.6133962
1096,Assault,Beijing,2024-02-04,02:16,47,45,None,29.87591193,103.5305606
1097,Burglary,Wuhan,2024-02-05,02:18,47,46,Gun,30.45465659,104.4097242
1098,Assault,Chongqing,2024-02-05,02:19,29,64,Knife,28.55082037,103.7287652
1099,Theft,Xi'an,2024-02-05,02:21,27,29,Bat,20.50838253,115.5916895
1100,Assault,Guangzhou,2024-02-06,02:22,61,54,Bat,22.15782854,107.0025052
1101,Theft,Shanghai,2024-02-06,02:24,28,47,Gun,20.62858371,101.1568535
1102,Fraud,Guangzhou,2024-02-06,02:25,32,40,Knife,32.72820823,119.3820526
1103,Burglary,Beijing,2024-02-07,02:26,33,33,None,26.28711962,117.6757177
1104,Theft,Chongqing,2024-02-07,02:28,34,31,Unknown,30.17141382,118.5550457
1105,Assault,Beijing,2024-02-07,02:29,43,27,Unknown,38.15132948,119.8981565
1106,Burglary,Chengdu,2024-02-08,02:31,19,24,Gun,24.98584458,103.477905
1107,Fraud,Xi'an,2024-02-08,02:32,67,62,Knife,28.20765846,107.9248404
1108,Burglary,Beijing,2024-02-09,02:34,29,69,Knife,35.11102277,115.1647695
1109,Theft,Guangzhou,2024-02-09,02:35,68,54,Bat,24.57596331,113.9204124
1110,Fraud,Shenzhen,2024-02-09,02:37,43,46,None,21.5395982,103.0779181
1111,Assault,Shenzhen,2024-02-10,02:38,40,20,Knife,25.79502906,116.3166625
1112,Fraud,Chengdu,2024-02-10,02:39,35,32,Unknown,23.22442575,104.4888114
1113,Fraud,Wuhan,2024-02-10,02:41,49,53,None,38.59395305,104.4763523
1114,Vandalism,Guangzhou,2024-02-11,02:42,66,64,None,36.16240759,110.7394885
1115,Fraud,Guangzhou,2024-02-11,02:44,55,63,Gun,32.66807513,111.8587987
1116,Fraud,Beijing,2024-02-12,02:45,64,69,Knife,37.4292118,111.6017242
1117,Burglary,Xi'an,2024-02-12,02:47,20,36,Gun,36.07344154,101.8297367
1118,Assault,Guangzhou,2024-02-12,02:48,55,30,Knife,23.73140118,117.5492173
1119,Burglary,Shanghai,2024-02-13,02:49,20,59,Bat,37.85117997,105.3120009
1120,Burglary,Wuhan,2024-02-13,02:51,47,38,Gun,30.78684484,102.5902984
1121,Theft,Beijing,2024-02-13,02:52,18,54,Gun,36.1488031,117.7749616
1122,Burglary,Shanghai,2024-02-14,02:54,47,44,Unknown,37.921826,119.11303
1123,Vandalism,Chengdu,2024-02-14,02:55,62,69,Gun,26.3600695,117.2425523
1124,Vandalism,Shenzhen,2024-02-14,02:57,49,46,Knife,22.20103849,116.1903215
1125,Theft,Chengdu,2024-02-15,02:58,45,37,Unknown,24.55870325,113.1048396
1126,Assault,Shenzhen,2024-02-15,03:00,38,42,Gun,28.54215577,111.0171474
1127,Assault,Chengdu,2024-02-16,03:01,63,23,Gun,36.36029532,101.7397352
1128,Burglary,Guangzhou,2024-02-16,03:02,30,53,Bat,37.21461167,108.1690643
1129,Burglary,Shanghai,2024-02-16,03:04,44,19,Gun,20.13904261,107.4537703
1130,Burglary,Shenzhen,2024-02-17,03:05,53,39,None,30.21494605,105.1950757
1131,Assault,Beijing,2024-02-17,03:07,24,49,Unknown,28.34822006,114.4684023
1132,Fraud,Shanghai,2024-02-17,03:08,39,33,None,24.44215621,109.9175147
1133,Vandalism,Beijing,2024-02-18,03:10,27,35,Unknown,22.39730735,101.6209243
1134,Fraud,Shanghai,2024-02-18,03:11,56,22,Bat,26.75230343,104.403664
1135,Fraud,Shanghai,2024-02-18,03:13,32,53,Gun,38.85819408,113.6651753
1136,Assault,Chengdu,2024-02-19,03:14,32,47,Gun,26.46405864,101.5226172
1137,Fraud,Shenzhen,2024-02-19,03:15,21,62,Gun,30.37581243,117.0241383
1138,Theft,Shenzhen,2024-02-20,03:17,49,36,Unknown,34.06037918,109.9029305
1139,Burglary,Xi'an,2024-02-20,03:18,40,40,Gun,27.27259205,109.6117315
1140,Theft,Shanghai,2024-02-20,03:20,23,51,None,39.43564165,111.8481557
1141,Vandalism,Guangzhou,2024-02-21,03:21,41,30,Gun,39.2489459,116.4936193
1142,Burglary,Guangzhou,2024-02-21,03:23,37,60,Bat,25.03564592,106.9561842
1143,Fraud,Beijing,2024-02-21,03:24,54,46,None,29.94497012,113.5603231
1144,Vandalism,Beijing,2024-02-22,03:25,37,53,Gun,26.0175662,111.3146393
1145,Burglary,Chengdu,2024-02-22,03:27,29,39,Gun,25.69680989,105.3405654
1146,Fraud,Shanghai,2024-02-22,03:28,50,69,Knife,20.73773895,117.5725997
1147,Theft,Beijing,2024-02-23,03:30,45,69,Unknown,32.19128668,115.9485204
1148,Burglary,Beijing,2024-02-23,03:31,25,64,None,30.05358046,113.1690367
1149,Fraud,Wuhan,2024-02-24,03:33,18,53,Knife,21.02957502,117.0116346
1150,Theft,Shanghai,2024-02-24,03:34,54,26,Bat,25.57292928,117.345884
1151,Vandalism,Chongqing,2024-02-24,03:36,39,56,Unknown,38.16531772,114.1672595
1152,Vandalism,Chengdu,2024-02-25,03:37,23,68,None,24.79123781,116.7402666
1153,Vandalism,Beijing,2024-02-25,03:38,38,36,Gun,22.89789744,113.9494292
1154,Vandalism,Chengdu,2024-02-25,03:40,49,55,None,29.78905521,113.6028154
1155,Assault,Shenzhen,2024-02-26,03:41,52,23,Gun,39.71300908,112.3722276
1156,Burglary,Chengdu,2024-02-26,03:43,32,69,Unknown,24.84110543,115.0543328
1157,Burglary,Chongqing,2024-02-26,03:44,22,64,Gun,33.44271095,103.1721021
1158,Assault,Guangzhou,2024-02-27,03:46,63,32,Bat,35.23239231,117.6174152
1159,Fraud,Chongqing,2024-02-27,03:47,67,37,Gun,24.75275088,117.4368706
1160,Fraud,Guangzhou,2024-02-28,03:49,65,26,Bat,34.56432697,100.5849457
1161,Vandalism,Chengdu,2024-02-28,03:50,23,49,Unknown,27.35566265,116.516335
1162,Theft,Guangzhou,2024-02-28,03:51,42,21,Unknown,32.64611661,102.5773973
1163,Fraud,Shenzhen,2024-02-29,03:53,63,67,None,32.67059422,106.7023771
1164,Theft,Shanghai,2024-02-29,03:54,57,35,Bat,30.71549368,114.8701651
1165,Burglary,Guangzhou,2024-02-29,03:56,46,22,Bat,21.8057954,103.2151979
1166,Theft,Guangzhou,2024-03-01,03:57,24,37,Knife,36.70604991,116.3593405
1167,Burglary,Chengdu,2024-03-01,03:59,57,40,Knife,26.4156013,116.6426836
1168,Assault,Shenzhen,2024-03-02,04:00,30,28,Knife,23.73037021,110.1493547
1169,Assault,Xi'an,2024-03-02,04:01,55,54,Gun,20.81550283,100.1277174
1170,Vandalism,Xi'an,2024-03-02,04:03,35,39,Knife,31.81785886,105.7407627
1171,Fraud,Xi'an,2024-03-03,04:04,19,21,Bat,33.55128724,112.3385384
1172,Vandalism,Xi'an,2024-03-03,04:06,25,46,Gun,20.33175658,119.6237236
1173,Burglary,Shanghai,2024-03-03,04:07,28,61,Unknown,30.24186117,112.6362705
1174,Vandalism,Chongqing,2024-03-04,04:09,50,51,None,24.5299155,105.1960716
1175,Theft,Chengdu,2024-03-04,04:10,55,30,Knife,32.90345581,112.6801141
1176,Burglary,Chengdu,2024-03-04,04:12,65,59,Unknown,23.48732858,110.7997076
1177,Assault,Wuhan,2024-03-05,04:13,44,26,Bat,33.81875476,115.5969079
1178,Fraud,Shenzhen,2024-03-05,04:14,37,59,None,27.73470693,102.1396128
1179,Burglary,Xi'an,2024-03-06,04:16,29,48,Unknown,38.73459977,115.2205581
1180,Burglary,Shanghai,2024-03-06,04:17,60,24,None,22.75041888,110.8253316
1181,Theft,Shenzhen,2024-03-06,04:19,48,21,Knife,26.82132702,119.2598401
1182,Fraud,Xi'an,2024-03-07,04:20,44,36,Bat,22.26947042,106.8374433
1183,Assault,Shanghai,2024-03-07,04:22,49,59,None,38.49387237,112.6524379
1184,Burglary,Shenzhen,2024-03-07,04:23,27,47,Unknown,37.54678707,118.6405621
1185,Burglary,Chengdu,2024-03-08,04:25,20,48,Knife,25.15883255,102.0501946
1186,Theft,Chengdu,2024-03-08,04:26,62,52,Knife,33.19968092,118.7445697
1187,Vandalism,Chongqing,2024-03-08,04:27,44,38,Unknown,36.344444,113.7577144
1188,Assault,Beijing,2024-03-09,04:29,52,48,Unknown,31.10401623,101.3567412
1189,Fraud,Chongqing,2024-03-09,04:30,48,36,None,30.59301157,106.0192713
1190,Burglary,Guangzhou,2024-03-10,04:32,32,48,Gun,24.83704582,114.1634418
1191,Burglary,Chongqing,2024-03-10,04:33,33,49,Knife,21.86205536,101.347012
1192,Assault,Xi'an,2024-03-10,04:35,30,19,None,37.94431516,111.6434092
1193,Vandalism,Wuhan,2024-03-11,04:36,66,69,Unknown,38.00836114,106.9176611
1194,Burglary,Shenzhen,2024-03-11,04:38,52,27,None,32.66202915,112.4183104
1195,Assault,Wuhan,2024-03-11,04:39,69,19,Unknown,26.78059582,100.9148407
1196,Theft,Beijing,2024-03-12,04:40,28,19,Bat,26.98419149,117.4307361
1197,Vandalism,Guangzhou,2024-03-12,04:42,38,41,Unknown,34.51911358,119.4697794
1198,Fraud,Shenzhen,2024-03-12,04:43,68,34,Unknown,37.9422052,119.3775571
1199,Burglary,Shanghai,2024-03-13,04:45,28,49,Unknown,37.74172849,114.9930366
1200,Assault,Xi'an,2024-03-13,04:46,47,33,Gun,35.59751092,102.6017248
1201,Theft,Guangzhou,2024-03-14,04:48,65,33,Unknown,32.84063292,115.1652639
1202,Fraud,Chengdu,2024-03-14,04:49,52,63,Knife,21.6827993,100.4917383
1203,Assault,Beijing,2024-03-14,04:50,39,56,Knife,23.23257428,100.442471
1204,Assault,Guangzhou,2024-03-15,04:52,55,48,None,37.97108377,106.4722044
1205,Fraud,Xi'an,2024-03-15,04:53,48,60,Gun,32.12858119,109.7728638
1206,Theft,Chongqing,2024-03-15,04:55,31,41,None,20.18394103,115.4081484
1207,Theft,Guangzhou,2024-03-16,04:56,41,18,Knife,22.02943086,113.6659075
1208,Vandalism,Chongqing,2024-03-16,04:58,67,28,Knife,33.27003538,108.9180541
1209,Burglary,Xi'an,2024-03-16,04:59,66,38,Bat,20.10123168,105.4725333
1210,Fraud,Chengdu,2024-03-17,05:01,49,21,Unknown,23.21616103,119.94249
1211,Fraud,Shenzhen,2024-03-17,05:02,53,24,Knife,30.97467579,108.523626
1212,Fraud,Shanghai,2024-03-18,05:03,49,43,None,33.83790395,109.0277405
1213,Theft,Chengdu,2024-03-18,05:05,32,64,None,33.03922519,103.2724764
1214,Burglary,Chongqing,2024-03-18,05:06,60,67,Unknown,24.48538619,115.896191
1215,Vandalism,Chongqing,2024-03-19,05:08,52,29,Unknown,34.24358443,113.8736445
1216,Assault,Shanghai,2024-03-19,05:09,20,48,Bat,24.74498175,104.4153923
1217,Assault,Shenzhen,2024-03-19,05:11,33,34,Gun,26.50799396,101.6476209
1218,Fraud,Guangzhou,2024-03-20,05:12,22,50,None,34.9298281,113.609986
1219,Burglary,Shanghai,2024-03-20,05:14,38,28,Unknown,32.99265798,113.0902243
1220,Theft,Beijing,2024-03-21,05:15,27,45,None,36.98446821,105.4651905
1221,Burglary,Beijing,2024-03-21,05:16,36,49,Unknown,33.15225785,119.0172712
1222,Burglary,Xi'an,2024-03-21,05:18,42,18,Knife,31.36617207,103.0211578
1223,Theft,Chengdu,2024-03-22,05:19,21,64,None,21.87349536,108.646696
1224,Fraud,Chongqing,2024-03-22,05:21,46,45,Knife,27.35431606,118.8723184
1225,Burglary,Shenzhen,2024-03-22,05:22,36,59,None,25.30404735,108.3945463
1226,Assault,Xi'an,2024-03-23,05:24,60,24,Gun,24.87979287,112.770519
1227,Theft,Chengdu,2024-03-23,05:25,19,19,Bat,39.4602111,107.951888
1228,Vandalism,Chengdu,2024-03-23,05:26,27,59,Knife,27.86195449,105.484304
1229,Fraud,Xi'an,2024-03-24,05:28,60,41,Unknown,37.8409311,119.679553
1230,Theft,Wuhan,2024-03-24,05:29,42,21,Gun,32.62277252,108.1866801
1231,Vandalism,Chengdu,2024-03-25,05:31,37,61,None,35.89622607,117.8819841
1232,Vandalism,Wuhan,2024-03-25,05:32,65,36,Knife,30.05274186,104.5990921
1233,Burglary,Beijing,2024-03-25,05:34,36,43,None,31.53807769,104.2620941
1234,Burglary,Beijing,2024-03-26,05:35,40,28,None,29.85035388,100.6226817
1235,Burglary,Chengdu,2024-03-26,05:37,41,57,None,23.90485976,113.0333365
1236,Theft,Beijing,2024-03-26,05:38,28,67,Bat,34.44904231,107.3705269
1237,Theft,Shenzhen,2024-03-27,05:39,63,60,Bat,25.61544725,117.287165
1238,Fraud,Wuhan,2024-03-27,05:41,51,28,Unknown,20.48631933,109.4641981
1239,Burglary,Wuhan,2024-03-27,05:42,45,62,Knife,32.90944592,119.3638686
1240,Vandalism,Chengdu,2024-03-28,05:44,22,20,Gun,23.54221359,103.7105103
1241,Assault,Beijing,2024-03-28,05:45,22,29,Gun,38.80917169,117.3724634
1242,Fraud,Shanghai,2024-03-29,05:47,68,20,Gun,39.07857154,115.5319371
1243,Theft,Chongqing,2024-03-29,05:48,38,59,None,38.2972878,115.4184369
1244,Fraud,Xi'an,2024-03-29,05:50,29,44,Bat,27.40317401,116.8956646
1245,Fraud,Xi'an,2024-03-30,05:51,67,66,Knife,20.30913233,115.2204798
1246,Fraud,Wuhan,2024-03-30,05:52,21,19,None,38.56637125,112.5244064
1247,Fraud,Chengdu,2024-03-30,05:54,66,66,Bat,28.56368297,102.6248976
1248,Assault,Chengdu,2024-03-31,05:55,59,33,Bat,39.33309638,100.6505236
1249,Burglary,Shenzhen,2024-03-31,05:57,37,19,Knife,39.27239954,118.416957
1250,Vandalism,Guangzhou,2024-03-31,05:58,55,47,Knife,37.06018911,112.3330063
1251,Fraud,Chongqing,2024-04-01,06:00,42,37,Knife,25.88897784,115.9307458
1252,Fraud,Guangzhou,2024-04-01,06:01,31,55,None,27.70195457,109.630447
1253,Fraud,Wuhan,2024-04-02,06:02,28,45,Unknown,37.02273343,102.3461638
1254,Burglary,Xi'an,2024-04-02,06:04,49,42,Knife,26.3384401,102.5037158
1255,Theft,Shenzhen,2024-04-02,06:05,28,49,Unknown,23.38985493,113.7113057
1256,Theft,Shenzhen,2024-04-03,06:07,35,27,None,31.13602525,108.6061179
1257,Assault,Shenzhen,2024-04-03,06:08,44,59,Unknown,38.72309548,104.0104945
1258,Theft,Wuhan,2024-04-03,06:10,35,57,Gun,33.92059593,109.8318909
1259,Fraud,Guangzhou,2024-04-04,06:11,40,50,Unknown,31.4012234,101.2841787
1260,Fraud,Xi'an,2024-04-04,06:13,28,30,Knife,21.94352988,111.639428
1261,Fraud,Shenzhen,2024-04-04,06:14,38,58,None,32.30014453,105.3798681
1262,Assault,Xi'an,2024-04-05,06:15,61,59,Knife,39.801077,115.951182
1263,Fraud,Beijing,2024-04-05,06:17,22,64,Gun,22.8016803,106.2072392
1264,Theft,Chengdu,2024-04-06,06:18,40,54,Knife,30.36659305,109.104403
1265,Burglary,Chengdu,2024-04-06,06:20,58,33,Knife,37.54746144,100.2324108
1266,Burglary,Xi'an,2024-04-06,06:21,42,62,Knife,34.81537236,101.4489378
1267,Vandalism,Shanghai,2024-04-07,06:23,58,39,Bat,33.94031482,107.8498711
1268,Theft,Shanghai,2024-04-07,06:24,27,37,Gun,34.04968168,109.5987767
1269,Fraud,Wuhan,2024-04-07,06:26,39,67,Knife,27.18982302,112.000411
1270,Burglary,Wuhan,2024-04-08,06:27,36,60,Knife,25.87183689,105.8332516
1271,Theft,Chengdu,2024-04-08,06:28,18,44,Knife,36.18722311,113.8996377
1272,Burglary,Beijing,2024-04-09,06:30,24,58,None,36.20226789,117.2024479
1273,Fraud,Chongqing,2024-04-09,06:31,21,33,Bat,37.34144637,115.5970198
1274,Burglary,Guangzhou,2024-04-09,06:33,18,51,None,38.26481105,100.7923765
1275,Vandalism,Guangzhou,2024-04-10,06:34,32,49,Bat,30.22684798,109.6101389
1276,Vandalism,Wuhan,2024-04-10,06:36,57,43,Knife,30.03032589,102.0986036
1277,Burglary,Beijing,2024-04-10,06:37,29,42,Gun,35.96590358,104.8409003
1278,Theft,Wuhan,2024-04-11,06:39,39,19,Unknown,32.99927862,119.7332519
1279,Theft,Chongqing,2024-04-11,06:40,39,29,Unknown,34.03933755,102.8499109
1280,Theft,Guangzhou,2024-04-11,06:41,67,57,Knife,35.91585339,109.9777631
1281,Burglary,Xi'an,2024-04-12,06:43,64,26,None,37.80010684,112.3631147
1282,Theft,Wuhan,2024-04-12,06:44,34,29,Gun,26.75990314,114.0492994
1283,Fraud,Shenzhen,2024-04-13,06:46,46,43,Bat,27.51165905,111.1929737
1284,Vandalism,Xi'an,2024-04-13,06:47,63,26,Knife,21.8796388,100.1954169
1285,Fraud,Chongqing,2024-04-13,06:49,31,27,Gun,31.56560282,106.5292262
1286,Theft,Chongqing,2024-04-14,06:50,67,49,Gun,20.71884548,110.3542329
1287,Fraud,Wuhan,2024-04-14,06:51,37,51,Bat,29.31196036,101.75733
1288,Theft,Chengdu,2024-04-14,06:53,67,65,Gun,30.85289269,107.0125386
1289,Burglary,Wuhan,2024-04-15,06:54,65,37,None,25.73082504,100.6640622
1290,Fraud,Chengdu,2024-04-15,06:56,50,56,None,31.81666521,101.5715699
1291,Burglary,Chongqing,2024-04-15,06:57,60,19,None,20.610005,107.9384655
1292,Burglary,Beijing,2024-04-16,06:59,32,18,Gun,20.74696377,102.6543151
1293,Assault,Chongqing,2024-04-16,07:00,29,68,None,36.45201121,111.350817
1294,Theft,Guangzhou,2024-04-17,07:02,57,53,Bat,27.20381283,113.7892994
1295,Vandalism,Xi'an,2024-04-17,07:03,37,41,Gun,22.54121025,116.011734
1296,Theft,Xi'an,2024-04-17,07:04,47,44,Unknown,30.4448652,104.0030049
1297,Vandalism,Shanghai,2024-04-18,07:06,55,19,Gun,35.39987106,103.3496516
1298,Theft,Shanghai,2024-04-18,07:07,20,48,Bat,24.31642055,102.0913568
1299,Burglary,Chongqing,2024-04-18,07:09,45,31,Unknown,32.45780952,112.728605
1300,Fraud,Guangzhou,2024-04-19,07:10,43,19,Gun,21.7069493,114.1295145
1301,Fraud,Shanghai,2024-04-19,07:12,47,46,None,21.03363442,100.6317229
1302,Assault,Xi'an,2024-04-19,07:13,30,32,Knife,30.62709263,118.7242449
1303,Vandalism,Wuhan,2024-04-20,07:15,30,29,Knife,30.81270243,101.0394257
1304,Vandalism,Beijing,2024-04-20,07:16,19,54,None,32.74859803,110.8259267
1305,Vandalism,Beijing,2024-04-21,07:17,54,45,Knife,34.52182667,114.1812104
1306,Burglary,Guangzhou,2024-04-21,07:19,66,37,Knife,39.51704159,117.4193825
1307,Vandalism,Chongqing,2024-04-21,07:20,55,56,None,30.32600697,114.2817386
1308,Fraud,Shanghai,2024-04-22,07:22,19,41,None,26.45912946,116.0345617
1309,Burglary,Wuhan,2024-04-22,07:23,53,38,Gun,35.9037239,106.7890039
1310,Theft,Beijing,2024-04-22,07:25,43,27,Gun,25.41664503,116.2965023
1311,Vandalism,Beijing,2024-04-23,07:26,28,63,None,28.77942841,101.6022969
1312,Vandalism,Shenzhen,2024-04-23,07:27,25,31,Bat,21.56912763,117.8963331
1313,Theft,Chongqing,2024-04-23,07:29,61,54,Knife,20.50701487,110.9518475
1314,Vandalism,Shenzhen,2024-04-24,07:30,57,35,Gun,39.25296829,116.3459554
1315,Theft,Xi'an,2024-04-24,07:32,60,41,Knife,36.71960241,109.0463657
1316,Burglary,Beijing,2024-04-25,07:33,39,31,Unknown,33.91948412,112.8715539
1317,Fraud,Guangzhou,2024-04-25,07:35,37,51,None,28.17905889,110.5280532
1318,Theft,Chengdu,2024-04-25,07:36,25,29,Bat,23.4658864,114.6317904
1319,Assault,Chengdu,2024-04-26,07:38,46,39,Unknown,23.12874085,101.6325996
1320,Theft,Wuhan,2024-04-26,07:39,57,23,Unknown,25.00485796,101.2070417
1321,Vandalism,Beijing,2024-04-26,07:40,43,53,Unknown,30.98453329,104.9420647
1322,Burglary,Beijing,2024-04-27,07:42,47,62,None,34.29191845,103.1908936
1323,Burglary,Xi'an,2024-04-27,07:43,34,53,Gun,33.20394753,117.4356713
1324,Theft,Beijing,2024-04-28,07:45,37,39,None,25.59867794,104.3842797
1325,Fraud,Guangzhou,2024-04-28,07:46,69,31,Gun,39.09730561,119.5173051
1326,Assault,Shenzhen,2024-04-28,07:48,33,33,Unknown,34.75793833,106.7379158
1327,Burglary,Beijing,2024-04-29,07:49,63,53,Unknown,31.08708105,103.6423583
1328,Vandalism,Beijing,2024-04-29,07:51,60,42,Bat,32.23441492,115.7939701
1329,Vandalism,Xi'an,2024-04-29,07:52,24,49,Gun,28.39200125,113.1741555
1330,Fraud,Chongqing,2024-04-30,07:53,33,50,Unknown,24.95461979,109.9639143
1331,Burglary,Shanghai,2024-04-30,07:55,62,62,Knife,27.11945357,111.107271
1332,Theft,Chongqing,2024-04-30,07:56,64,53,Bat,35.15692221,114.3840356
1333,Vandalism,Xi'an,2024-05-01,07:58,65,37,None,20.28786977,104.5690948
1334,Fraud,Chongqing,2024-05-01,07:59,44,35,Bat,22.32145281,119.9266783
1335,Burglary,Xi'an,2024-05-02,08:01,40,55,Knife,20.92005284,119.4958632
1336,Burglary,Guangzhou,2024-05-02,08:02,41,20,Gun,20.81457605,113.0065137
1337,Burglary,Wuhan,2024-05-02,08:03,26,40,None,37.10921168,103.990849
1338,Burglary,Beijing,2024-05-03,08:05,52,49,None,34.07315719,113.6045648
1339,Burglary,Xi'an,2024-05-03,08:06,68,62,Gun,29.48347658,101.4439682
1340,Vandalism,Xi'an,2024-05-03,08:08,37,33,Bat,21.95668321,100.61305
1341,Fraud,Shanghai,2024-05-04,08:09,54,22,Unknown,29.8323175,105.1536578
1342,Burglary,Xi'an,2024-05-04,08:11,59,21,Bat,29.46943542,109.2524591
1343,Assault,Chengdu,2024-05-04,08:12,34,38,Knife,23.4640374,117.3654501
1344,Assault,Wuhan,2024-05-05,08:14,64,57,Unknown,28.67703298,114.5433814
1345,Fraud,Beijing,2024-05-05,08:15,48,68,Bat,27.97009469,114.8541304
1346,Theft,Beijing,2024-05-06,08:16,25,31,Gun,32.31700196,108.5098667
1347,Theft,Shanghai,2024-05-06,08:18,32,56,Knife,32.70187302,106.9186999
1348,Theft,Guangzhou,2024-05-06,08:19,48,48,Knife,20.9060802,107.4207753
1349,Assault,Beijing,2024-05-07,08:21,47,31,Knife,27.49225229,119.7529913
1350,Theft,Chengdu,2024-05-07,08:22,63,23,Unknown,32.51719831,100.8021838
1351,Vandalism,Beijing,2024-05-07,08:24,37,29,None,30.06272517,117.3406299
1352,Burglary,Chengdu,2024-05-08,08:25,56,33,Unknown,37.12979682,111.5735082
1353,Assault,Wuhan,2024-05-08,08:27,29,34,Bat,33.17387263,108.7723084
1354,Fraud,Wuhan,2024-05-08,08:28,66,62,None,23.25868854,114.5051532
1355,Fraud,Shenzhen,2024-05-09,08:29,34,40,Bat,21.41137495,109.7333788
1356,Burglary,Shenzhen,2024-05-09,08:31,59,31,None,32.84838556,117.4684648
1357,Assault,Chengdu,2024-05-10,08:32,47,24,Unknown,20.53022621,118.0140373
1358,Theft,Guangzhou,2024-05-10,08:34,46,63,Knife,31.71551163,108.4344185
1359,Theft,Beijing,2024-05-10,08:35,36,49,Gun,38.80460483,105.5365559
1360,Vandalism,Xi'an,2024-05-11,08:37,63,32,Knife,31.50948356,111.8470066
1361,Vandalism,Beijing,2024-05-11,08:38,28,61,Unknown,27.76339852,118.2472669
1362,Theft,Shenzhen,2024-05-11,08:39,51,34,None,32.86576437,104.2132438
1363,Fraud,Chongqing,2024-05-12,08:41,67,58,Knife,29.16505781,112.4593317
1364,Fraud,Xi'an,2024-05-12,08:42,24,64,Unknown,30.91233579,112.6312044
1365,Vandalism,Chengdu,2024-05-12,08:44,61,61,Bat,38.82929618,114.6622604
1366,Burglary,Xi'an,2024-05-13,08:45,51,51,Gun,27.72205276,102.6313537
1367,Theft,Chongqing,2024-05-13,08:47,37,22,Knife,39.22381128,114.3164993
1368,Vandalism,Beijing,2024-05-14,08:48,67,62,None,38.10701284,118.1806504
1369,Vandalism,Beijing,2024-05-14,08:50,55,44,Bat,23.9158227,103.5936622
1370,Theft,Guangzhou,2024-05-14,08:51,41,69,Unknown,21.38722602,104.7508665
1371,Theft,Shanghai,2024-05-15,08:52,27,40,Gun,22.01556003,119.4279019
1372,Fraud,Xi'an,2024-05-15,08:54,49,57,None,20.36443651,103.6195391
1373,Burglary,Shenzhen,2024-05-15,08:55,69,31,Unknown,21.88885922,117.0877019
1374,Burglary,Chongqing,2024-05-16,08:57,32,32,Unknown,33.66013547,109.8455571
1375,Theft,Chongqing,2024-05-16,08:58,54,60,Knife,21.42377297,104.9446215
1376,Assault,Chongqing,2024-05-17,09:00,37,50,Knife,26.37951261,117.414998
1377,Vandalism,Shenzhen,2024-05-17,09:01,20,48,None,36.89750622,108.9061051
1378,Vandalism,Shanghai,2024-05-17,09:03,54,52,Unknown,20.46543871,110.2963471
1379,Theft,Beijing,2024-05-18,09:04,57,34,Knife,36.28936965,107.1846674
1380,Assault,Guangzhou,2024-05-18,09:05,25,45,Gun,25.6370955,111.859017
1381,Fraud,Guangzhou,2024-05-18,09:07,57,36,Gun,22.36329655,103.2704775
1382,Theft,Shenzhen,2024-05-19,09:08,61,63,Unknown,33.93474331,107.8216307
1383,Theft,Guangzhou,2024-05-19,09:10,40,40,Knife,32.57885694,119.3882464
1384,Vandalism,Chongqing,2024-05-19,09:11,57,49,None,37.54944027,105.1626687
1385,Theft,Wuhan,2024-05-20,09:13,28,57,None,34.70142088,113.1347333
1386,Theft,Shanghai,2024-05-20,09:14,63,30,None,36.06961861,106.5038013
1387,Theft,Beijing,2024-05-21,09:16,25,37,Gun,25.64069145,115.4694625
1388,Vandalism,Wuhan,2024-05-21,09:17,46,52,Knife,23.54879088,102.6174732
1389,Fraud,Shanghai,2024-05-21,09:18,47,22,Knife,35.01229503,119.3964209
1390,Fraud,Chengdu,2024-05-22,09:20,27,26,Gun,36.13669479,109.0757908
1391,Theft,Xi'an,2024-05-22,09:21,56,46,None,39.81010284,104.7210093
1392,Vandalism,Shenzhen,2024-05-22,09:23,45,23,None,28.25235354,101.4699349
1393,Fraud,Chongqing,2024-05-23,09:24,66,42,Unknown,27.44036172,103.3951581
1394,Fraud,Guangzhou,2024-05-23,09:26,53,48,Bat,35.52825921,110.395479
1395,Fraud,Chengdu,2024-05-23,09:27,30,39,Knife,26.81607081,106.7400635
1396,Vandalism,Guangzhou,2024-05-24,09:28,49,19,Knife,38.61514651,116.5776673
1397,Vandalism,Wuhan,2024-05-24,09:30,53,62,Knife,37.16825504,108.6177505
1398,Theft,Beijing,2024-05-25,09:31,54,22,Bat,28.57988055,104.9742855
1399,Burglary,Beijing,2024-05-25,09:33,43,44,Unknown,35.01742136,112.3428997
1400,Fraud,Beijing,2024-05-25,09:34,39,42,Bat,35.09085748,114.1355443
1401,Burglary,Chongqing,2024-05-26,09:36,21,25,None,22.06247738,103.3408382
1402,Vandalism,Guangzhou,2024-05-26,09:37,48,18,None,38.05105813,103.3523843
1403,Vandalism,Chengdu,2024-05-26,09:39,35,37,Knife,30.10504745,100.7334285
1404,Vandalism,Beijing,2024-05-27,09:40,55,61,Gun,36.52914932,114.7280403
1405,Burglary,Chengdu,2024-05-27,09:41,41,40,Knife,26.40099202,113.2760906
1406,Vandalism,Guangzhou,2024-05-27,09:43,40,49,Gun,37.91046457,109.4926175
1407,Theft,Chongqing,2024-05-28,09:44,39,28,Bat,27.78403357,116.883409
1408,Vandalism,Wuhan,2024-05-28,09:46,19,56,None,20.21675303,116.1134031
1409,Assault,Chongqing,2024-05-29,09:47,48,64,Gun,38.10763953,111.7070873
1410,Burglary,Chengdu,2024-05-29,09:49,28,41,Bat,21.82573354,117.3654256
1411,Assault,Chongqing,2024-05-29,09:50,45,28,None,26.38627275,104.1168242
1412,Vandalism,Chongqing,2024-05-30,09:52,63,46,Gun,39.00123934,102.2383924
1413,Theft,Wuhan,2024-05-30,09:53,49,43,Knife,39.01214294,105.3949922
1414,Fraud,Guangzhou,2024-05-30,09:54,22,33,Knife,31.46875776,101.1417371
1415,Vandalism,Guangzhou,2024-05-31,09:56,55,52,Knife,32.63674424,110.6233906
1416,Theft,Shenzhen,2024-05-31,09:57,27,37,Bat,28.96891044,118.7321138
1417,Burglary,Chongqing,2024-05-31,09:59,57,63,Knife,25.86421543,100.7868708
1418,Assault,Guangzhou,2024-06-01,10:00,63,20,Unknown,26.57329091,102.4421983
1419,Assault,Guangzhou,2024-06-01,10:02,41,18,None,33.45036912,109.0439806
1420,Assault,Shanghai,2024-06-02,10:03,52,64,Bat,35.04749059,118.6775004
1421,Burglary,Beijing,2024-06-02,10:04,61,18,Knife,35.83158087,106.3231221
1422,Theft,Shenzhen,2024-06-02,10:06,65,34,None,35.79236286,110.1446962
1423,Burglary,Xi'an,2024-06-03,10:07,40,19,Gun,21.82412206,100.8314572
1424,Assault,Shenzhen,2024-06-03,10:09,34,46,Knife,29.88840609,102.966864
1425,Vandalism,Shenzhen,2024-06-03,10:10,18,37,None,21.1511752,119.7326025
1426,Fraud,Xi'an,2024-06-04,10:12,48,23,Unknown,30.99057765,119.3023739
1427,Burglary,Shanghai,2024-06-04,10:13,48,25,Gun,28.83061003,100.0987996
1428,Burglary,Chongqing,2024-06-05,10:15,59,46,Unknown,37.75408366,119.0362357
1429,Theft,Wuhan,2024-06-05,10:16,59,65,None,27.01830025,112.7823988
1430,Theft,Guangzhou,2024-06-05,10:17,51,68,Unknown,22.34134033,117.3583659
1431,Burglary,Beijing,2024-06-06,10:19,26,50,None,22.85983364,109.0947971
1432,Assault,Chengdu,2024-06-06,10:20,39,20,None,35.23021263,110.3119206
1433,Fraud,Chongqing,2024-06-06,10:22,30,52,Unknown,32.36436127,109.7769316
1434,Theft,Xi'an,2024-06-07,10:23,42,22,None,22.02245352,113.3372852
1435,Assault,Wuhan,2024-06-07,10:25,65,44,Knife,21.68213612,102.7930251
1436,Vandalism,Chongqing,2024-06-07,10:26,35,61,None,34.01938263,100.5994718
1437,Theft,Xi'an,2024-06-08,10:28,68,29,Bat,21.45526013,106.1585988
1438,Assault,Guangzhou,2024-06-08,10:29,29,37,None,36.43720119,114.0936153
1439,Assault,Shanghai,2024-06-09,10:30,57,62,Bat,34.12484454,104.037069
1440,Fraud,Chongqing,2024-06-09,10:32,34,37,None,21.62697561,113.4686487
1441,Fraud,Xi'an,2024-06-09,10:33,32,26,None,21.69675428,119.3982409
1442,Vandalism,Guangzhou,2024-06-10,10:35,59,56,Unknown,39.73279157,101.8780143
1443,Assault,Guangzhou,2024-06-10,10:36,32,21,Knife,27.48541592,113.4520424
1444,Assault,Shanghai,2024-06-10,10:38,32,68,Knife,27.41284294,108.8750044
1445,Fraud,Shenzhen,2024-06-11,10:39,56,36,Gun,36.25599135,117.3628451
1446,Theft,Chongqing,2024-06-11,10:40,30,55,Unknown,38.94497155,103.5429958
1447,Theft,Chongqing,2024-06-11,10:42,34,44,Unknown,39.72002128,113.852519
1448,Burglary,Shenzhen,2024-06-12,10:43,49,62,Knife,35.06756371,116.7623058
1449,Fraud,Beijing,2024-06-12,10:45,26,60,Unknown,27.52519171,118.8922844
1450,Burglary,Beijing,2024-06-13,10:46,57,30,Knife,21.67001433,113.6649606
1451,Fraud,Shenzhen,2024-06-13,10:48,37,30,Unknown,35.54293832,109.9434953
1452,Vandalism,Wuhan,2024-06-13,10:49,43,39,None,31.16808499,112.3569448
1453,Assault,Chengdu,2024-06-14,10:51,44,45,Knife,28.48444018,117.3780997
1454,Vandalism,Guangzhou,2024-06-14,10:52,38,69,Knife,38.1270877,111.4121949
1455,Fraud,Chengdu,2024-06-14,10:53,35,64,Bat,22.22394965,100.6077412
1456,Assault,Guangzhou,2024-06-15,10:55,30,62,Unknown,29.85250209,118.6189739
1457,Theft,Shenzhen,2024-06-15,10:56,33,39,Unknown,20.2270729,113.790535
1458,Theft,Beijing,2024-06-15,10:58,26,60,Knife,29.37321284,113.5302677
1459,Burglary,Wuhan,2024-06-16,10:59,29,36,None,21.12606551,104.313503
1460,Fraud,Beijing,2024-06-16,11:01,61,25,None,22.37635833,113.1777094
1461,Fraud,Chengdu,2024-06-17,11:02,55,69,None,22.35052494,107.8772881
1462,Theft,Beijing,2024-06-17,11:04,36,25,Unknown,32.98420604,113.0246595
1463,Vandalism,Shenzhen,2024-06-17,11:05,24,59,Bat,34.92089759,102.1318606
1464,Assault,Wuhan,2024-06-18,11:06,52,43,Knife,31.6673753,113.1569061
1465,Vandalism,Chengdu,2024-06-18,11:08,65,65,Gun,39.24345097,119.9882745
1466,Vandalism,Wuhan,2024-06-18,11:09,35,68,Bat,27.49741159,100.9642408
1467,Theft,Chongqing,2024-06-19,11:11,33,43,Gun,25.71424173,119.5434837
1468,Theft,Guangzhou,2024-06-19,11:12,56,40,Bat,37.37198256,108.1381592
1469,Theft,Beijing,2024-06-19,11:14,21,60,None,24.47191677,117.415069
1470,Burglary,Wuhan,2024-06-20,11:15,42,30,Unknown,39.26445079,115.6477097
1471,Vandalism,Shanghai,2024-06-20,11:17,49,45,Gun,20.24308949,111.3403252
1472,Fraud,Chongqing,2024-06-21,11:18,57,26,Bat,39.39757653,114.7689842
1473,Assault,Beijing,2024-06-21,11:19,30,37,Unknown,20.86319824,117.5703112
1474,Burglary,Guangzhou,2024-06-21,11:21,62,36,Gun,37.82286227,108.0828064
1475,Fraud,Wuhan,2024-06-22,11:22,34,65,Knife,30.55402218,106.5406632
1476,Vandalism,Chengdu,2024-06-22,11:24,66,56,Bat,39.85929592,113.3518677
1477,Theft,Guangzhou,2024-06-22,11:25,54,68,Knife,21.47593129,116.1569188
1478,Vandalism,Shanghai,2024-06-23,11:27,23,29,None,31.07708569,115.2457027
1479,Assault,Wuhan,2024-06-23,11:28,36,32,Knife,39.38605071,115.956273
1480,Burglary,Xi'an,2024-06-24,11:29,30,48,Knife,30.46195688,108.7116663
1481,Burglary,Xi'an,2024-06-24,11:31,43,31,Bat,32.58797276,116.3566843
1482,Assault,Shenzhen,2024-06-24,11:32,31,28,None,33.91497378,102.4041811
1483,Fraud,Beijing,2024-06-25,11:34,48,43,Knife,29.0908213,110.889782
1484,Fraud,Chengdu,2024-06-25,11:35,21,59,Unknown,32.5511616,100.1151732
1485,Burglary,Shenzhen,2024-06-25,11:37,56,44,Gun,31.68628624,106.4917166
1486,Burglary,Wuhan,2024-06-26,11:38,25,28,Knife,38.02316021,107.3292307
1487,Theft,Xi'an,2024-06-26,11:40,42,55,None,20.90892761,107.9234538
1488,Fraud,Xi'an,2024-06-26,11:41,30,51,Knife,25.61926379,113.9093441
1489,Assault,Xi'an,2024-06-27,11:42,49,60,Gun,39.00822968,107.771162
1490,Fraud,Wuhan,2024-06-27,11:44,55,36,None,37.80527568,108.9738725
1491,Theft,Xi'an,2024-06-28,11:45,55,23,Bat,29.11313506,104.7508826
1492,Burglary,Guangzhou,2024-06-28,11:47,45,63,None,32.40265196,107.4650358
1493,Burglary,Chongqing,2024-06-28,11:48,47,69,Bat,25.54762366,104.5453925
1494,Theft,Wuhan,2024-06-29,11:50,20,55,None,23.76242319,101.4639185
1495,Assault,Chengdu,2024-06-29,11:51,45,66,Gun,29.2739681,112.0689719
1496,Burglary,Chongqing,2024-06-29,11:53,20,59,Gun,27.06704456,113.364256
1497,Vandalism,Shenzhen,2024-06-30,11:54,62,45,None,31.67312224,112.3898069
1498,Burglary,Chengdu,2024-06-30,11:55,51,18,Knife,21.55469274,109.2698809
1499,Vandalism,Chongqing,2024-06-30,11:57,33,52,Gun,39.48789615,107.5957156
1500,Theft,Shanghai,2024-07-01,11:58,39,57,Bat,39.72421489,117.266673
1501,Theft,Xi'an,2024-07-01,12:00,49,25,Bat,33.96323428,110.3816357
1502,Burglary,Shanghai,2024-07-02,12:01,55,69,Unknown,30.72192733,109.5836376
1503,Fraud,Beijing,2024-07-02,12:03,25,64,Bat,26.19055233,100.5128413
1504,Vandalism,Beijing,2024-07-02,12:04,25,24,Unknown,36.27590039,106.8249566
1505,Assault,Chongqing,2024-07-03,12:05,23,28,None,33.69462345,107.6039124
1506,Burglary,Shanghai,2024-07-03,12:07,31,56,None,23.25233879,107.9764556
1507,Assault,Wuhan,2024-07-03,12:08,49,21,None,38.21854369,111.6034474
1508,Burglary,Chengdu,2024-07-04,12:10,52,42,Knife,36.45074486,110.6720509
1509,Fraud,Shanghai,2024-07-04,12:11,27,29,Knife,38.99599827,112.1581019
1510,Fraud,Beijing,2024-07-04,12:13,20,43,Unknown,34.51439017,115.2976652
1511,Fraud,Shanghai,2024-07-05,12:14,29,55,Bat,32.26830392,116.2597148
1512,Fraud,Wuhan,2024-07-05,12:16,66,63,Bat,28.36486073,114.3624615
1513,Theft,Shanghai,2024-07-06,12:17,48,29,None,38.65456967,119.1104739
1514,Theft,Chengdu,2024-07-06,12:18,46,60,Gun,37.32127779,100.3646517
1515,Vandalism,Shenzhen,2024-07-06,12:20,22,68,Knife,20.9043734,103.9155597
1516,Assault,Wuhan,2024-07-07,12:21,69,54,Knife,20.52733949,100.1512575
1517,Burglary,Beijing,2024-07-07,12:23,42,63,None,27.52926734,112.9494943
1518,Burglary,Chengdu,2024-07-07,12:24,58,41,Knife,36.21106662,117.960611
1519,Theft,Shanghai,2024-07-08,12:26,48,33,None,39.74552259,104.8696459
1520,Burglary,Shanghai,2024-07-08,12:27,38,30,Unknown,23.00833782,118.5406909
1521,Theft,Shenzhen,2024-07-08,12:29,37,42,Bat,31.88261431,101.2053478
1522,Vandalism,Beijing,2024-07-09,12:30,56,69,Gun,27.61781713,118.6887205
1523,Assault,Beijing,2024-07-09,12:31,39,21,Bat,39.39828796,107.0324537
1524,Vandalism,Guangzhou,2024-07-10,12:33,21,28,Bat,36.84237846,102.0284166
1525,Fraud,Beijing,2024-07-10,12:34,30,49,Unknown,36.76657409,109.7174352
1526,Fraud,Shenzhen,2024-07-10,12:36,62,66,Knife,29.3738632,105.1355314
1527,Fraud,Xi'an,2024-07-11,12:37,59,24,Gun,28.29639005,105.697458
1528,Vandalism,Guangzhou,2024-07-11,12:39,67,63,Knife,25.46814144,106.1457993
1529,Burglary,Guangzhou,2024-07-11,12:40,66,28,Bat,21.12750993,116.060518
1530,Assault,Shanghai,2024-07-12,12:41,37,45,None,37.29444753,110.7832255
1531,Fraud,Shanghai,2024-07-12,12:43,69,58,Bat,36.25802018,106.226154
1532,Fraud,Beijing,2024-07-13,12:44,30,40,Knife,39.99435347,112.2066757
1533,Fraud,Guangzhou,2024-07-13,12:46,34,62,Bat,39.93273674,114.3230135
1534,Assault,Chongqing,2024-07-13,12:47,53,40,None,31.10863411,105.45248
1535,Fraud,Shanghai,2024-07-14,12:49,50,67,Unknown,35.3797483,108.270982
1536,Assault,Shenzhen,2024-07-14,12:50,18,45,Knife,38.8953146,102.4377219
1537,Fraud,Chongqing,2024-07-14,12:52,32,60,Bat,36.99294781,103.622987
1538,Vandalism,Shanghai,2024-07-15,12:53,30,64,Knife,24.94696203,113.6223571
1539,Vandalism,Wuhan,2024-07-15,12:54,34,43,Unknown,29.01088271,103.628767
1540,Assault,Wuhan,2024-07-15,12:56,41,42,Bat,22.5831883,110.5032677
1541,Vandalism,Shanghai,2024-07-16,12:57,25,46,Bat,39.08102055,114.1809252
1542,Assault,Guangzhou,2024-07-16,12:59,67,36,Knife,32.12349269,102.1375385
1543,Vandalism,Xi'an,2024-07-17,13:00,44,50,Knife,24.57285611,111.3462444
1544,Vandalism,Xi'an,2024-07-17,13:02,62,53,None,33.43401369,105.1312557
1545,Assault,Guangzhou,2024-07-17,13:03,40,31,Unknown,32.36256481,119.2585375
1546,Burglary,Chengdu,2024-07-18,13:05,63,31,None,27.16325436,109.6709129
1547,Vandalism,Xi'an,2024-07-18,13:06,25,52,Bat,22.27115184,116.119851
1548,Fraud,Wuhan,2024-07-18,13:07,25,47,Knife,33.43146391,111.0045308
1549,Burglary,Shenzhen,2024-07-19,13:09,43,45,Bat,30.40615402,100.8682507
1550,Assault,Guangzhou,2024-07-19,13:10,64,34,Bat,35.44636783,112.6630275
1551,Burglary,Beijing,2024-07-19,13:12,30,20,Gun,30.40327002,119.0280668
1552,Theft,Wuhan,2024-07-20,13:13,56,33,Gun,37.04363001,112.0322364
1553,Theft,Shenzhen,2024-07-20,13:15,54,63,Bat,31.03813678,116.3837772
1554,Vandalism,Shenzhen,2024-07-21,13:16,66,47,Knife,31.21875943,117.6841293
1555,Vandalism,Guangzhou,2024-07-21,13:18,45,69,Bat,37.53307205,104.5615954
1556,Fraud,Shenzhen,2024-07-21,13:19,42,46,Gun,28.06965732,104.2408968
1557,Burglary,Guangzhou,2024-07-22,13:20,33,62,Knife,22.68030457,112.2196198
1558,Theft,Xi'an,2024-07-22,13:22,19,32,Bat,20.57565353,108.2205694
1559,Vandalism,Shanghai,2024-07-22,13:23,35,63,Unknown,35.10274511,116.7972261
1560,Burglary,Wuhan,2024-07-23,13:25,34,42,Unknown,32.40619103,118.0004625
1561,Vandalism,Chengdu,2024-07-23,13:26,47,68,Bat,34.08159536,107.0684276
1562,Vandalism,Shanghai,2024-07-23,13:28,56,55,Knife,24.25928323,104.7374112
1563,Theft,Wuhan,2024-07-24,13:29,30,59,Bat,22.72742951,115.6105103
1564,Theft,Guangzhou,2024-07-24,13:30,49,64,Bat,20.29089331,105.4961207
1565,Vandalism,Wuhan,2024-07-25,13:32,67,69,Gun,27.01175118,116.4522864
1566,Assault,Xi'an,2024-07-25,13:33,46,55,Unknown,31.79835374,108.4747651
1567,Vandalism,Guangzhou,2024-07-25,13:35,63,40,Gun,27.8448809,113.350998
1568,Vandalism,Shanghai,2024-07-26,13:36,47,42,Gun,28.74949844,101.9107063
1569,Fraud,Beijing,2024-07-26,13:38,35,59,Bat,38.08317389,112.4771865
1570,Fraud,Beijing,2024-07-26,13:39,30,24,Gun,26.96510934,109.0353536
1571,Fraud,Chongqing,2024-07-27,13:41,60,39,Unknown,30.27978978,111.7321693
1572,Assault,Chongqing,2024-07-27,13:42,38,34,Gun,35.67306025,103.3602842
1573,Assault,Wuhan,2024-07-27,13:43,47,35,Unknown,27.93085565,114.7374749
1574,Vandalism,Beijing,2024-07-28,13:45,38,66,Gun,32.441734,117.2559416
1575,Fraud,Guangzhou,2024-07-28,13:46,65,58,Unknown,37.24727417,104.334796
1576,Assault,Shenzhen,2024-07-29,13:48,34,27,Gun,38.99041247,101.9142911
1577,Theft,Guangzhou,2024-07-29,13:49,57,27,Gun,22.94146962,100.4727717
1578,Vandalism,Shenzhen,2024-07-29,13:51,36,24,Knife,38.5317525,112.83943
1579,Burglary,Shanghai,2024-07-30,13:52,69,65,Unknown,29.84232586,112.1418807
1580,Vandalism,Chengdu,2024-07-30,13:54,32,67,Unknown,25.16488777,110.9339483
1581,Burglary,Shenzhen,2024-07-30,13:55,26,55,Unknown,29.18271512,104.6389419
1582,Fraud,Beijing,2024-07-31,13:56,69,44,None,39.60065151,107.8181199
1583,Burglary,Guangzhou,2024-07-31,13:58,27,69,Gun,29.85236188,111.8895267
1584,Fraud,Shanghai,2024-08-01,13:59,61,50,Unknown,26.57503221,109.9353372
1585,Theft,Beijing,2024-08-01,14:01,48,18,None,32.66801709,119.7557104
1586,Burglary,Shanghai,2024-08-01,14:02,40,61,Knife,24.80291238,102.7287951
1587,Vandalism,Chengdu,2024-08-02,14:04,69,51,Unknown,21.51726656,113.9028911
1588,Fraud,Xi'an,2024-08-02,14:05,47,21,Unknown,22.57759444,108.0863754
1589,Vandalism,Guangzhou,2024-08-02,14:06,50,34,None,22.56091678,108.5639923
1590,Assault,Wuhan,2024-08-03,14:08,69,21,Gun,23.03805387,114.3519553
1591,Fraud,Guangzhou,2024-08-03,14:09,26,60,Knife,22.77654345,113.848723
1592,Burglary,Chongqing,2024-08-03,14:11,64,43,Unknown,32.8174949,119.8251199
1593,Fraud,Chengdu,2024-08-04,14:12,18,21,Gun,23.63760169,102.5678858
1594,Vandalism,Guangzhou,2024-08-04,14:14,61,18,Knife,26.91334567,102.082193
1595,Theft,Chongqing,2024-08-05,14:15,52,24,Bat,37.9357682,114.4867763
1596,Fraud,Wuhan,2024-08-05,14:17,28,47,Bat,29.47923281,111.5677383
1597,Burglary,Shenzhen,2024-08-05,14:18,51,67,Knife,33.35115477,105.4832133
1598,Assault,Shanghai,2024-08-06,14:19,33,26,None,23.44639742,101.5883874
1599,Theft,Wuhan,2024-08-06,14:21,26,52,Knife,23.84578038,101.713165
1600,Assault,Beijing,2024-08-06,14:22,49,25,Knife,20.81737233,117.8838175
1601,Fraud,Chengdu,2024-08-07,14:24,32,41,None,23.37870126,103.8373465
1602,Vandalism,Shenzhen,2024-08-07,14:25,29,36,None,25.57180678,106.4674312
1603,Vandalism,Beijing,2024-08-07,14:27,50,53,Gun,23.54020969,104.533128
1604,Burglary,Beijing,2024-08-08,14:28,62,67,Gun,21.77405068,107.0999261
1605,Vandalism,Chengdu,2024-08-08,14:30,31,69,None,22.41271742,101.3884769
1606,Theft,Shenzhen,2024-08-09,14:31,25,60,Bat,29.21557536,110.3811958
1607,Vandalism,Xi'an,2024-08-09,14:32,25,44,Bat,24.12667437,101.3522513
1608,Burglary,Beijing,2024-08-09,14:34,44,49,Knife,27.28539722,116.0071302
1609,Fraud,Beijing,2024-08-10,14:35,29,31,Unknown,30.06834542,104.6742416
1610,Fraud,Shenzhen,2024-08-10,14:37,18,35,Knife,33.80789657,110.8002383
1611,Vandalism,Guangzhou,2024-08-10,14:38,60,45,Knife,20.7862428,117.6015818
1612,Assault,Beijing,2024-08-11,14:40,57,46,Unknown,35.98820798,113.0175474
1613,Fraud,Shanghai,2024-08-11,14:41,59,33,None,32.55800779,110.6591557
1614,Vandalism,Shenzhen,2024-08-11,14:42,68,52,Bat,21.63518064,106.4866751
1615,Burglary,Beijing,2024-08-12,14:44,28,64,Knife,37.47157248,106.6600383
1616,Vandalism,Chengdu,2024-08-12,14:45,56,48,Unknown,38.41744801,113.3897391
1617,Fraud,Wuhan,2024-08-13,14:47,60,21,Gun,21.2215592,119.8827872
1618,Burglary,Shanghai,2024-08-13,14:48,48,54,Knife,25.53755296,113.2367838
1619,Vandalism,Chongqing,2024-08-13,14:50,34,34,Bat,36.1240256,111.1556683
1620,Theft,Chongqing,2024-08-14,14:51,50,56,None,34.96519381,114.6130102
1621,Burglary,Wuhan,2024-08-14,14:53,49,65,Knife,23.69042039,109.3041122
1622,Theft,Chongqing,2024-08-14,14:54,46,63,Knife,24.18698647,101.2028469
1623,Assault,Wuhan,2024-08-15,14:55,38,43,Unknown,27.40944206,111.2459363
1624,Burglary,Beijing,2024-08-15,14:57,38,65,Gun,29.6904597,119.1525057
1625,Theft,Shanghai,2024-08-15,14:58,57,56,Gun,32.36509543,103.5060588
1626,Fraud,Shanghai,2024-08-16,15:00,40,58,None,27.37827279,113.8000978
1627,Fraud,Guangzhou,2024-08-16,15:01,23,21,Bat,29.25069432,104.0186738
1628,Assault,Wuhan,2024-08-17,15:03,39,47,None,34.94941876,110.7165537
1629,Burglary,Shanghai,2024-08-17,15:04,67,47,Knife,20.73366406,101.933529
1630,Burglary,Guangzhou,2024-08-17,15:06,55,39,Knife,25.04873889,109.0074187
1631,Burglary,Shenzhen,2024-08-18,15:07,54,28,Gun,34.26699172,115.1232666
1632,Assault,Guangzhou,2024-08-18,15:08,62,19,Bat,37.90413675,106.9514305
1633,Burglary,Chengdu,2024-08-18,15:10,68,61,Unknown,30.23354884,113.2982345
1634,Fraud,Xi'an,2024-08-19,15:11,25,29,Bat,30.64226971,115.9089992
1635,Theft,Beijing,2024-08-19,15:13,58,47,Knife,22.14344023,118.5435564
1636,Fraud,Shenzhen,2024-08-20,15:14,66,53,Unknown,28.94824734,104.6928416
1637,Fraud,Xi'an,2024-08-20,15:16,52,35,Bat,30.65234533,107.9863183
1638,Theft,Xi'an,2024-08-20,15:17,68,43,Bat,24.84941007,103.0483203
1639,Fraud,Shenzhen,2024-08-21,15:19,28,24,Unknown,25.38486462,119.84967
1640,Assault,Chengdu,2024-08-21,15:20,41,18,Knife,27.54568326,118.5400194
1641,Theft,Guangzhou,2024-08-21,15:21,66,43,Bat,20.40142396,110.7991426
1642,Fraud,Beijing,2024-08-22,15:23,38,40,Unknown,26.44158331,116.8406659
1643,Vandalism,Guangzhou,2024-08-22,15:24,68,43,Knife,24.22896014,110.4191595
1644,Fraud,Shanghai,2024-08-22,15:26,19,62,Unknown,26.54994704,112.4717138
1645,Assault,Guangzhou,2024-08-23,15:27,57,23,Unknown,22.39524264,101.7824886
1646,Burglary,Chongqing,2024-08-23,15:29,36,23,Bat,37.81054561,115.1054084
1647,Fraud,Shenzhen,2024-08-24,15:30,56,61,Knife,31.87184907,102.5542697
1648,Burglary,Beijing,2024-08-24,15:31,45,25,Bat,33.58204638,116.5213526
1649,Vandalism,Guangzhou,2024-08-24,15:33,34,41,None,35.78342477,115.6405618
1650,Fraud,Beijing,2024-08-25,15:34,23,39,None,29.96884398,114.174894
1651,Theft,Beijing,2024-08-25,15:36,36,36,Knife,21.73840576,100.7232076
1652,Burglary,Shanghai,2024-08-25,15:37,55,54,Unknown,30.74213084,106.0625671
1653,Vandalism,Shanghai,2024-08-26,15:39,45,35,Bat,31.73682236,105.2622514
1654,Theft,Shenzhen,2024-08-26,15:40,19,48,Bat,34.90878948,107.2027281
1655,Theft,Chengdu,2024-08-26,15:42,55,54,Knife,28.63319092,101.7528549
1656,Theft,Chongqing,2024-08-27,15:43,54,47,Knife,22.55160606,118.7391565
1657,Theft,Xi'an,2024-08-27,15:44,68,59,None,25.67551812,111.0760448
1658,Fraud,Beijing,2024-08-28,15:46,69,50,Gun,27.26164593,106.1104862
1659,Fraud,Chengdu,2024-08-28,15:47,21,27,Knife,32.91834483,107.9396303
1660,Fraud,Xi'an,2024-08-28,15:49,39,54,Gun,31.41556609,108.9440508
1661,Vandalism,Xi'an,2024-08-29,15:50,43,29,Knife,27.12193452,112.0118867
1662,Vandalism,Chongqing,2024-08-29,15:52,66,47,Unknown,39.73030498,110.3135886
1663,Vandalism,Shenzhen,2024-08-29,15:53,60,44,Unknown,32.11549639,118.3878395
1664,Assault,Xi'an,2024-08-30,15:55,53,56,None,24.74453583,109.9392697
1665,Vandalism,Chongqing,2024-08-30,15:56,30,26,None,22.03564945,119.8431603
1666,Fraud,Xi'an,2024-08-30,15:57,69,38,Gun,23.05718278,117.0284992
1667,Fraud,Beijing,2024-08-31,15:59,49,29,Knife,24.91915457,104.1702103
1668,Assault,Beijing,2024-08-31,16:00,34,46,Bat,23.21362747,118.6119043
1669,Assault,Wuhan,2024-09-01,16:02,58,50,None,23.73134048,102.327328
1670,Vandalism,Chengdu,2024-09-01,16:03,53,60,Bat,25.70190337,116.3489942
1671,Burglary,Guangzhou,2024-09-01,16:05,63,32,Bat,23.46747191,107.6124659
1672,Assault,Chongqing,2024-09-02,16:06,36,19,Knife,37.93530849,117.5594864
1673,Theft,Shanghai,2024-09-02,16:07,52,69,Gun,21.60467491,117.3611338
1674,Fraud,Chongqing,2024-09-02,16:09,63,56,Knife,30.49022779,116.118508
1675,Theft,Guangzhou,2024-09-03,16:10,57,61,None,28.20793654,115.8006087
1676,Fraud,Chengdu,2024-09-03,16:12,45,35,Bat,39.64757234,106.0935828
1677,Fraud,Shanghai,2024-09-03,16:13,18,20,Knife,22.24077804,101.6183857
1678,Assault,Guangzhou,2024-09-04,16:15,59,24,Knife,27.95711198,108.0596036
1679,Assault,Wuhan,2024-09-04,16:16,35,60,Knife,39.38940867,103.4704903
1680,Theft,Shanghai,2024-09-05,16:18,65,35,None,37.31014252,113.8990218
1681,Fraud,Beijing,2024-09-05,16:19,57,61,Gun,36.34144142,106.9219945
1682,Theft,Guangzhou,2024-09-05,16:20,50,55,Knife,25.15805654,119.512204
1683,Burglary,Chongqing,2024-09-06,16:22,29,54,None,23.41775175,112.8194415
1684,Theft,Shanghai,2024-09-06,16:23,25,50,Bat,33.3728644,116.4496113
1685,Vandalism,Wuhan,2024-09-06,16:25,41,61,Unknown,38.58751978,102.6504935
1686,Theft,Chongqing,2024-09-07,16:26,33,48,None,31.13525786,117.2402896
1687,Vandalism,Xi'an,2024-09-07,16:28,67,28,Unknown,31.43225379,118.4551438
1688,Vandalism,Shanghai,2024-09-08,16:29,21,21,Knife,25.59958187,109.7412384
1689,Vandalism,Shanghai,2024-09-08,16:31,55,35,Knife,35.38985866,112.1250588
1690,Burglary,Wuhan,2024-09-08,16:32,61,21,None,23.74087497,115.296196
1691,Theft,Xi'an,2024-09-09,16:33,44,66,Unknown,26.47358473,103.4967725
1692,Theft,Guangzhou,2024-09-09,16:35,26,51,Knife,28.50872877,110.0513215
1693,Burglary,Shenzhen,2024-09-09,16:36,64,46,Bat,30.15220757,107.9732606
1694,Fraud,Guangzhou,2024-09-10,16:38,33,41,Gun,24.84819465,102.9274798
1695,Assault,Xi'an,2024-09-10,16:39,29,39,Gun,22.29673649,107.3506884
1696,Theft,Chengdu,2024-09-10,16:41,48,19,Knife,32.21240085,101.3634462
1697,Assault,Chongqing,2024-09-11,16:42,41,61,Unknown,25.77261106,100.5162381
1698,Burglary,Wuhan,2024-09-11,16:43,31,23,Knife,31.62476443,102.7033258
1699,Fraud,Guangzhou,2024-09-12,16:45,62,59,Unknown,23.08725431,119.2623022
1700,Fraud,Shanghai,2024-09-12,16:46,42,42,Bat,29.62280204,110.9905907
1701,Fraud,Wuhan,2024-09-12,16:48,51,38,Unknown,30.65178865,119.3164432
1702,Burglary,Beijing,2024-09-13,16:49,20,33,Knife,21.03647074,108.6499576
1703,Vandalism,Xi'an,2024-09-13,16:51,41,48,Bat,26.73208556,106.2363227
1704,Vandalism,Chongqing,2024-09-13,16:52,59,31,None,22.68829354,110.1228373
1705,Assault,Guangzhou,2024-09-14,16:54,26,56,Gun,21.26749941,108.7902338
1706,Vandalism,Wuhan,2024-09-14,16:55,43,45,Knife,39.79920465,102.1132937
1707,Vandalism,Chongqing,2024-09-14,16:56,37,49,Knife,26.4470769,112.8165263
1708,Fraud,Guangzhou,2024-09-15,16:58,57,45,Knife,36.19748892,104.3207637
1709,Fraud,Wuhan,2024-09-15,16:59,27,68,Bat,25.0928131,112.3917591
1710,Assault,Shanghai,2024-09-16,17:01,36,66,None,33.63005444,113.0040218
1711,Theft,Beijing,2024-09-16,17:02,20,26,Unknown,35.2045572,103.0404971
1712,Assault,Beijing,2024-09-16,17:04,41,62,None,31.91277481,101.2269925
1713,Assault,Chengdu,2024-09-17,17:05,22,39,Bat,29.43152377,115.6152317
1714,Burglary,Wuhan,2024-09-17,17:07,20,49,Knife,28.23681828,109.1960085
1715,Burglary,Guangzhou,2024-09-17,17:08,44,22,Gun,26.97736533,101.1632759
1716,Assault,Beijing,2024-09-18,17:09,33,40,Knife,38.59058288,119.8973263
1717,Assault,Xi'an,2024-09-18,17:11,66,22,Unknown,36.61238816,101.1556112
1718,Assault,Beijing,2024-09-18,17:12,32,59,Gun,39.30053821,113.9007046
1719,Vandalism,Shenzhen,2024-09-19,17:14,52,49,Knife,22.48594447,119.6735785
1720,Burglary,Shenzhen,2024-09-19,17:15,29,27,Gun,34.6173495,104.7836021
1721,Assault,Beijing,2024-09-20,17:17,58,56,None,38.76680914,102.8449874
1722,Fraud,Wuhan,2024-09-20,17:18,61,32,Bat,23.62466132,102.4276988
1723,Fraud,Chengdu,2024-09-20,17:19,43,24,Knife,21.32992535,106.065503
1724,Vandalism,Beijing,2024-09-21,17:21,64,46,Unknown,34.82241299,102.0209162
1725,Vandalism,Shanghai,2024-09-21,17:22,51,64,None,31.48946226,113.8432268
1726,Theft,Chongqing,2024-09-21,17:24,40,20,Knife,36.83657554,101.245836
1727,Theft,Guangzhou,2024-09-22,17:25,48,36,None,22.79544753,110.1884426
1728,Theft,Chengdu,2024-09-22,17:27,67,27,Unknown,35.90534624,119.9339371
1729,Vandalism,Shanghai,2024-09-22,17:28,37,45,Knife,24.0325464,116.2794054
1730,Vandalism,Chengdu,2024-09-23,17:30,29,46,Unknown,23.27311886,112.3043888
1731,Vandalism,Shanghai,2024-09-23,17:31,40,32,Gun,23.28531596,106.1250724
1732,Fraud,Guangzhou,2024-09-24,17:32,21,52,Unknown,36.2914944,112.4779167
1733,Vandalism,Guangzhou,2024-09-24,17:34,40,23,Gun,33.30394441,110.5408293
1734,Fraud,Shenzhen,2024-09-24,17:35,65,29,Knife,30.4613085,108.5216677
1735,Theft,Wuhan,2024-09-25,17:37,65,64,Gun,27.17660968,102.6142075
1736,Theft,Shanghai,2024-09-25,17:38,18,55,Knife,37.54401082,117.7320843
1737,Theft,Chongqing,2024-09-25,17:40,42,30,Knife,27.84890215,108.995693
1738,Assault,Shenzhen,2024-09-26,17:41,19,46,Bat,36.33198879,103.8924502
1739,Assault,Shanghai,2024-09-26,17:43,47,36,Knife,28.78269817,107.355187
1740,Burglary,Shenzhen,2024-09-27,17:44,20,20,Gun,27.53888859,108.2825951
1741,Burglary,Guangzhou,2024-09-27,17:45,38,25,Bat,29.25359571,116.5507579
1742,Burglary,Chengdu,2024-09-27,17:47,42,25,Bat,26.02755748,114.6722876
1743,Assault,Xi'an,2024-09-28,17:48,37,37,Knife,34.9521876,115.3860979
1744,Assault,Shenzhen,2024-09-28,17:50,66,64,Unknown,30.0544078,100.2206253
1745,Burglary,Shanghai,2024-09-28,17:51,69,21,Unknown,24.6442539,108.32308
1746,Burglary,Shanghai,2024-09-29,17:53,39,68,Bat,37.99149147,109.626883
1747,Vandalism,Xi'an,2024-09-29,17:54,38,38,Knife,27.67782443,100.3838455
1748,Burglary,Wuhan,2024-09-29,17:56,50,20,Unknown,30.87105722,105.1962642
1749,Vandalism,Chongqing,2024-09-30,17:57,69,62,Knife,38.12944222,115.2057965
1750,Fraud,Guangzhou,2024-09-30,17:58,55,25,Knife,32.48475992,102.7421941
1751,Assault,Shanghai,2024-10-01,18:00,32,40,Bat,22.33796081,110.7062026
1752,Burglary,Beijing,2024-10-01,18:01,63,33,Bat,38.79664247,104.3040374
1753,Assault,Chengdu,2024-10-01,18:03,69,30,None,32.55416106,100.2424155
1754,Assault,Shenzhen,2024-10-02,18:04,32,20,Unknown,26.69811229,104.8240292
1755,Assault,Wuhan,2024-10-02,18:06,63,65,Unknown,22.78544145,119.5174751
1756,Fraud,Chongqing,2024-10-02,18:07,42,26,Unknown,35.88050379,116.0307422
1757,Theft,Xi'an,2024-10-03,18:08,38,31,Gun,32.40145512,119.1915329
1758,Burglary,Chengdu,2024-10-03,18:10,41,30,Knife,30.66922184,109.7570809
1759,Theft,Guangzhou,2024-10-03,18:11,22,24,Bat,37.87785166,102.194724
1760,Theft,Wuhan,2024-10-04,18:13,23,32,Unknown,35.77194422,110.9591898
1761,Theft,Chongqing,2024-10-04,18:14,66,24,None,23.03349759,109.0875467
1762,Assault,Shenzhen,2024-10-05,18:16,60,55,Unknown,26.23444136,116.8871417
1763,Vandalism,Shenzhen,2024-10-05,18:17,65,51,Knife,24.9697828,101.9616516
1764,Assault,Xi'an,2024-10-05,18:19,61,58,Knife,34.87892585,109.7648227
1765,Assault,Beijing,2024-10-06,18:20,64,39,Bat,20.67064869,103.0009733
1766,Theft,Xi'an,2024-10-06,18:21,40,41,Gun,31.3977937,106.4935185
1767,Assault,Guangzhou,2024-10-06,18:23,21,66,Bat,35.24917371,114.7471415
1768,Theft,Wuhan,2024-10-07,18:24,44,54,Unknown,37.53531274,109.5203626
1769,Vandalism,Wuhan,2024-10-07,18:26,35,61,None,26.84163497,107.5177657
1770,Burglary,Shanghai,2024-10-07,18:27,38,18,Bat,36.42514609,107.8895256
1771,Theft,Beijing,2024-10-08,18:29,45,27,Gun,22.21263474,109.1889354
1772,Vandalism,Beijing,2024-10-08,18:30,52,60,Bat,36.92904583,115.7003309
1773,Burglary,Wuhan,2024-10-09,18:32,39,33,Knife,22.54977325,117.8416938
1774,Fraud,Wuhan,2024-10-09,18:33,57,63,Unknown,27.94574581,119.1066937
1775,Theft,Chengdu,2024-10-09,18:34,40,25,Unknown,35.94590732,115.7380677
1776,Theft,Chongqing,2024-10-10,18:36,20,66,Unknown,22.99834855,106.3081379
1777,Fraud,Chengdu,2024-10-10,18:37,57,42,Unknown,24.5850279,113.7626941
1778,Fraud,Chengdu,2024-10-10,18:39,67,67,Unknown,34.44505137,108.7520625
1779,Theft,Beijing,2024-10-11,18:40,27,29,Unknown,34.40073073,105.0934124
1780,Fraud,Shanghai,2024-10-11,18:42,42,42,None,32.82295266,116.8174316
1781,Assault,Shenzhen,2024-10-11,18:43,69,34,Gun,33.87896889,100.768527
1782,Burglary,Chengdu,2024-10-12,18:44,66,43,Unknown,30.85448887,118.0352398
1783,Burglary,Shanghai,2024-10-12,18:46,25,63,Gun,25.03598118,109.2295493
1784,Burglary,Xi'an,2024-10-13,18:47,28,65,Unknown,26.91391987,112.7440295
1785,Assault,Guangzhou,2024-10-13,18:49,22,31,Bat,23.63195434,113.1870784
1786,Fraud,Chengdu,2024-10-13,18:50,62,58,Unknown,38.16901123,117.9023548
1787,Vandalism,Xi'an,2024-10-14,18:52,54,53,Knife,31.6678359,112.7333936
1788,Fraud,Shenzhen,2024-10-14,18:53,62,40,None,28.01702834,112.2786717
1789,Theft,Guangzhou,2024-10-14,18:55,55,60,Bat,29.24011607,101.3330408
1790,Burglary,Guangzhou,2024-10-15,18:56,46,23,Bat,38.94566679,110.3681604
1791,Fraud,Shenzhen,2024-10-15,18:57,22,64,Knife,23.06702806,103.00338
1792,Vandalism,Chengdu,2024-10-16,18:59,26,22,Unknown,31.72459664,114.7486754
1793,Theft,Beijing,2024-10-16,19:00,65,60,None,30.11777358,110.2444384
1794,Assault,Shenzhen,2024-10-16,19:02,19,42,Bat,32.22908471,113.6045556
1795,Assault,Shenzhen,2024-10-17,19:03,18,35,None,20.36220368,100.833458
1796,Vandalism,Shenzhen,2024-10-17,19:05,57,30,Bat,37.44247818,101.6958403
1797,Theft,Guangzhou,2024-10-17,19:06,68,60,Unknown,38.64236565,114.3264678
1798,Burglary,Chongqing,2024-10-18,19:08,47,31,Bat,31.30266367,101.4416867
1799,Fraud,Shanghai,2024-10-18,19:09,28,45,Bat,33.93301648,101.4251346
1800,Theft,Xi'an,2024-10-18,19:10,45,35,Gun,38.44998762,100.2421695
1801,Assault,Beijing,2024-10-19,19:12,61,45,Unknown,34.14477269,119.130028
1802,Vandalism,Chengdu,2024-10-19,19:13,29,68,Knife,23.05078086,114.7501672
1803,Vandalism,Chengdu,2024-10-20,19:15,56,44,Knife,31.5257672,107.0650282
1804,Fraud,Xi'an,2024-10-20,19:16,43,49,Unknown,32.13430093,105.9307116
1805,Vandalism,Shanghai,2024-10-20,19:18,30,64,Knife,28.48261343,106.9940646
1806,Vandalism,Shenzhen,2024-10-21,19:19,25,26,Unknown,34.72888471,115.4930706
1807,Theft,Chongqing,2024-10-21,19:20,45,57,Knife,38.6873403,113.2274122
1808,Burglary,Beijing,2024-10-21,19:22,47,49,Gun,38.51137026,103.7039114
1809,Fraud,Chengdu,2024-10-22,19:23,26,37,Knife,29.01678743,103.4821867
1810,Theft,Xi'an,2024-10-22,19:25,56,45,Bat,22.26476092,101.967913
1811,Burglary,Wuhan,2024-10-22,19:26,48,50,Unknown,39.69682398,113.2060544
1812,Theft,Chongqing,2024-10-23,19:28,38,21,None,36.77796173,115.2874532
1813,Theft,Xi'an,2024-10-23,19:29,64,63,None,22.49325362,105.3009286
1814,Vandalism,Chongqing,2024-10-24,19:31,51,51,Unknown,38.41683765,100.4188992
1815,Burglary,Chengdu,2024-10-24,19:32,48,65,Gun,37.39792724,101.6434333
1816,Fraud,Shenzhen,2024-10-24,19:33,69,20,Knife,30.37676114,119.3572007
1817,Fraud,Wuhan,2024-10-25,19:35,42,43,Gun,31.82550871,105.9088955
1818,Burglary,Shanghai,2024-10-25,19:36,29,25,None,27.98005408,115.384463
1819,Vandalism,Beijing,2024-10-25,19:38,18,23,Unknown,21.09523278,112.4932714
1820,Assault,Shanghai,2024-10-26,19:39,39,33,Unknown,26.70394483,107.6387928
1821,Theft,Shanghai,2024-10-26,19:41,57,41,Gun,36.05706897,104.1137452
1822,Vandalism,Xi'an,2024-10-26,19:42,54,65,Gun,20.09264046,102.4277284
1823,Burglary,Chongqing,2024-10-27,19:44,64,56,Knife,26.66998343,112.3002594
1824,Theft,Beijing,2024-10-27,19:45,18,47,Bat,27.96337387,115.4926756
1825,Fraud,Beijing,2024-10-28,19:46,18,62,Bat,30.74791206,112.8780851
1826,Assault,Chengdu,2024-10-28,19:48,59,30,Knife,38.39711233,110.6060427
1827,Fraud,Chengdu,2024-10-28,19:49,59,22,Bat,26.92691989,100.8390245
1828,Burglary,Beijing,2024-10-29,19:51,38,42,None,26.93906404,119.3697756
1829,Theft,Wuhan,2024-10-29,19:52,32,37,Bat,34.75002496,115.9742838
1830,Burglary,Guangzhou,2024-10-29,19:54,34,35,Knife,29.04435882,105.8564407
1831,Theft,Chengdu,2024-10-30,19:55,39,64,Bat,24.49209646,119.5994066
1832,Vandalism,Guangzhou,2024-10-30,19:57,55,35,Unknown,29.04879032,112.0376318
1833,Assault,Xi'an,2024-10-30,19:58,52,19,Gun,22.81714041,111.6484532
1834,Vandalism,Wuhan,2024-10-31,19:59,62,27,None,23.52773973,114.9614636
1835,Vandalism,Beijing,2024-10-31,20:01,33,62,Unknown,29.96735545,116.2353958
1836,Burglary,Wuhan,2024-11-01,20:02,25,67,Unknown,28.37850899,113.1295721
1837,Assault,Chengdu,2024-11-01,20:04,64,64,Knife,38.29691802,102.5619149
1838,Theft,Shanghai,2024-11-01,20:05,34,29,Gun,27.24787798,106.7653501
1839,Theft,Xi'an,2024-11-02,20:07,34,64,Gun,31.61176701,118.5616728
1840,Fraud,Beijing,2024-11-02,20:08,43,30,None,32.64528576,104.4923122
1841,Theft,Shenzhen,2024-11-02,20:09,30,67,Knife,20.26188913,107.4433405
1842,Burglary,Xi'an,2024-11-03,20:11,34,64,None,33.27074744,108.6415377
1843,Vandalism,Chongqing,2024-11-03,20:12,55,28,Bat,23.56071934,108.7880998
1844,Vandalism,Guangzhou,2024-11-04,20:14,34,36,Unknown,39.22140635,112.2587916
1845,Vandalism,Wuhan,2024-11-04,20:15,65,52,None,22.97325456,118.8615168
1846,Assault,Beijing,2024-11-04,20:17,31,56,Unknown,28.29248247,104.8138542
1847,Theft,Xi'an,2024-11-05,20:18,62,43,Knife,21.70699336,102.4300275
1848,Burglary,Wuhan,2024-11-05,20:20,23,63,Bat,39.93748504,103.9494098
1849,Assault,Beijing,2024-11-05,20:21,52,31,Knife,30.04390021,117.738498
1850,Fraud,Chengdu,2024-11-06,20:22,63,62,Bat,31.90770035,112.9162163
1851,Burglary,Xi'an,2024-11-06,20:24,31,61,Bat,21.34152955,105.7181358
1852,Burglary,Chengdu,2024-11-06,20:25,64,41,Unknown,34.99920941,116.3189388
1853,Burglary,Xi'an,2024-11-07,20:27,25,58,Knife,24.19811186,117.2273999
1854,Vandalism,Chengdu,2024-11-07,20:28,32,18,Knife,37.96108579,116.9302868
1855,Burglary,Chongqing,2024-11-08,20:30,44,68,None,24.10279281,118.3785307
1856,Theft,Wuhan,2024-11-08,20:31,30,60,Knife,23.81375441,105.0448204
1857,Burglary,Shenzhen,2024-11-08,20:33,66,39,None,20.73099336,115.1008386
1858,Vandalism,Xi'an,2024-11-09,20:34,48,40,Gun,29.4413389,109.2107899
1859,Burglary,Chongqing,2024-11-09,20:35,52,36,Gun,31.29682267,116.8399711
1860,Fraud,Xi'an,2024-11-09,20:37,23,35,Gun,21.31417279,114.5698135
1861,Fraud,Chengdu,2024-11-10,20:38,22,29,Knife,35.51055233,115.5289489
1862,Vandalism,Beijing,2024-11-10,20:40,39,45,Knife,29.06577669,113.1232368
1863,Theft,Xi'an,2024-11-10,20:41,66,45,None,30.48780539,103.5485754
1864,Theft,Chongqing,2024-11-11,20:43,40,50,Bat,28.81525494,110.9005384
1865,Assault,Chengdu,2024-11-11,20:44,42,36,None,28.01526122,119.6933948
1866,Vandalism,Shanghai,2024-11-12,20:45,51,45,Gun,31.19280663,118.7477613
1867,Burglary,Chengdu,2024-11-12,20:47,43,69,None,23.10480492,100.8634747
1868,Vandalism,Wuhan,2024-11-12,20:48,64,66,Bat,23.63856261,103.2962963
1869,Assault,Shenzhen,2024-11-13,20:50,22,54,Knife,37.23571242,102.6345755
1870,Vandalism,Shanghai,2024-11-13,20:51,43,43,None,38.92230924,114.5195982
1871,Vandalism,Wuhan,2024-11-13,20:53,37,52,Gun,27.46618633,116.3557066
1872,Assault,Wuhan,2024-11-14,20:54,23,51,Gun,25.41489346,104.2702273
1873,Theft,Wuhan,2024-11-14,20:56,23,52,Knife,32.87999086,110.1170539
1874,Burglary,Beijing,2024-11-14,20:57,67,57,None,28.17468342,116.8140606
1875,Assault,Wuhan,2024-11-15,20:58,35,33,Bat,20.50772711,114.6560309
1876,Fraud,Beijing,2024-11-15,21:00,21,55,Knife,23.12305195,110.8447441
1877,Theft,Wuhan,2024-11-16,21:01,34,30,None,34.31944458,111.8069538
1878,Fraud,Guangzhou,2024-11-16,21:03,31,40,Unknown,33.17847884,110.1672109
1879,Theft,Chongqing,2024-11-16,21:04,31,39,Gun,20.54191985,105.950969
1880,Burglary,Shanghai,2024-11-17,21:06,30,33,Bat,24.43944324,111.3004399
1881,Burglary,Guangzhou,2024-11-17,21:07,24,45,Bat,24.62149593,113.777706
1882,Vandalism,Wuhan,2024-11-17,21:09,61,65,Bat,33.43785487,117.4664583
1883,Fraud,Shanghai,2024-11-18,21:10,32,52,Gun,20.39421076,112.7258271
1884,Theft,Shanghai,2024-11-18,21:11,36,62,None,22.08217164,115.2224307
1885,Burglary,Xi'an,2024-11-18,21:13,60,63,Knife,35.99832171,103.2014327
1886,Assault,Shenzhen,2024-11-19,21:14,64,25,None,23.57089324,109.2311495
1887,Burglary,Guangzhou,2024-11-19,21:16,61,61,Knife,33.05492216,100.1866324
1888,Assault,Shenzhen,2024-11-20,21:17,52,39,Bat,24.76365562,104.9335773
1889,Theft,Shanghai,2024-11-20,21:19,34,38,None,21.98882786,114.5292343
1890,Burglary,Beijing,2024-11-20,21:20,52,43,Bat,24.86344382,119.836199
1891,Burglary,Shanghai,2024-11-21,21:21,36,57,Unknown,34.44533864,101.983562
1892,Theft,Shenzhen,2024-11-21,21:23,37,38,Bat,37.11392936,108.0298863
1893,Burglary,Guangzhou,2024-11-21,21:24,53,42,Bat,36.60439729,116.0014194
1894,Assault,Wuhan,2024-11-22,21:26,52,58,Knife,27.94367059,104.0807127
1895,Burglary,Xi'an,2024-11-22,21:27,49,18,Unknown,33.36170273,111.101699
1896,Fraud,Xi'an,2024-11-23,21:29,65,23,Bat,24.09968591,114.6614259
1897,Vandalism,Xi'an,2024-11-23,21:30,61,40,Bat,25.86295461,112.319709
1898,Assault,Wuhan,2024-11-23,21:32,57,68,Unknown,37.92671637,103.7604947
1899,Fraud,Xi'an,2024-11-24,21:33,41,40,Unknown,20.26003847,107.1076914
1900,Theft,Guangzhou,2024-11-24,21:34,34,60,None,21.71017062,115.6758357
1901,Assault,Wuhan,2024-11-24,21:36,24,60,Knife,24.1577251,111.0845303
1902,Vandalism,Xi'an,2024-11-25,21:37,60,40,Unknown,20.53064408,100.1045923
1903,Vandalism,Wuhan,2024-11-25,21:39,67,49,Unknown,23.6287087,115.2198152
1904,Theft,Shenzhen,2024-11-25,21:40,18,47,Gun,31.66083122,100.7062271
1905,Theft,Chongqing,2024-11-26,21:42,52,30,Unknown,28.42849101,114.9146757
1906,Assault,Chongqing,2024-11-26,21:43,49,60,Knife,37.85343422,104.0496112
1907,Burglary,Guangzhou,2024-11-27,21:45,53,35,Bat,36.34887123,119.1614696
1908,Theft,Chengdu,2024-11-27,21:46,30,40,Bat,26.83634703,107.358815
1909,Burglary,Beijing,2024-11-27,21:47,23,32,Bat,25.18846867,106.5386323
1910,Fraud,Xi'an,2024-11-28,21:49,31,50,Bat,27.59384816,102.977761
1911,Vandalism,Beijing,2024-11-28,21:50,54,38,Gun,31.80589885,106.1120843
1912,Burglary,Wuhan,2024-11-28,21:52,65,56,Unknown,25.36127282,117.5330152
1913,Vandalism,Beijing,2024-11-29,21:53,32,40,Bat,32.48297816,119.9266868
1914,Burglary,Guangzhou,2024-11-29,21:55,64,44,None,28.18823304,107.3661906
1915,Fraud,Guangzhou,2024-11-29,21:56,21,62,Bat,31.04094362,108.9722126
1916,Theft,Shanghai,2024-11-30,21:58,57,61,Unknown,28.72253058,114.4414188
1917,Fraud,Chongqing,2024-11-30,21:59,33,35,Bat,25.88931519,117.7239156
1918,Theft,Xi'an,2024-12-01,22:00,45,41,Gun,38.96906614,111.8608867
1919,Theft,Shanghai,2024-12-01,22:02,33,68,Knife,35.27211588,107.830514
1920,Vandalism,Beijing,2024-12-01,22:03,21,64,Knife,22.80226352,108.2524368
1921,Fraud,Chengdu,2024-12-02,22:05,62,57,Unknown,37.36935952,113.9123629
1922,Burglary,Shanghai,2024-12-02,22:06,43,68,Knife,29.74862396,100.0643653
1923,Fraud,Shanghai,2024-12-02,22:08,45,59,Knife,37.89104454,112.3917867
1924,Vandalism,Guangzhou,2024-12-03,22:09,49,24,None,35.99710512,107.1098602
1925,Theft,Chengdu,2024-12-03,22:10,62,67,Unknown,28.50427009,115.8839466
1926,Vandalism,Wuhan,2024-12-03,22:12,19,65,Unknown,20.44938617,101.8598128
1927,Assault,Beijing,2024-12-04,22:13,48,37,Knife,25.37354719,111.7640453
1928,Assault,Shanghai,2024-12-04,22:15,20,44,Knife,30.83268429,109.6194578
1929,Burglary,Chengdu,2024-12-05,22:16,25,23,Knife,32.6695644,112.8465105
1930,Vandalism,Chongqing,2024-12-05,22:18,41,44,Gun,25.15775371,101.2970719
1931,Burglary,Xi'an,2024-12-05,22:19,32,26,Bat,22.78712148,111.5996757
1932,Burglary,Chengdu,2024-12-06,22:21,60,62,Gun,36.69860474,111.2296918
1933,Assault,Chongqing,2024-12-06,22:22,48,48,Unknown,39.68804361,111.2132019
1934,Burglary,Beijing,2024-12-06,22:23,26,38,None,30.51380365,112.0697533
1935,Assault,Chengdu,2024-12-07,22:25,56,43,Bat,23.43358572,113.5293587
1936,Theft,Chongqing,2024-12-07,22:26,62,57,None,25.44614653,116.09978
1937,Vandalism,Chengdu,2024-12-07,22:28,19,65,Unknown,20.36781353,105.3964144
1938,Burglary,Chengdu,2024-12-08,22:29,25,62,Unknown,38.28597613,116.5009882
1939,Assault,Xi'an,2024-12-08,22:31,24,30,None,22.35502166,109.9651136
1940,Fraud,Chongqing,2024-12-09,22:32,61,66,None,31.53032951,101.5411656
1941,Burglary,Chongqing,2024-12-09,22:34,68,40,None,25.48110441,101.1710186
1942,Theft,Shanghai,2024-12-09,22:35,56,37,Unknown,31.08356005,106.6847664
1943,Theft,Beijing,2024-12-10,22:36,59,54,Knife,33.02840777,115.6979395
1944,Fraud,Xi'an,2024-12-10,22:38,33,45,None,36.59483607,114.1536187
1945,Assault,Chengdu,2024-12-10,22:39,52,34,Bat,24.12842544,115.7722993
1946,Burglary,Chengdu,2024-12-11,22:41,47,45,Unknown,20.21991657,110.3453811
1947,Assault,Shanghai,2024-12-11,22:42,27,58,Gun,22.7377126,108.80398
1948,Theft,Beijing,2024-12-12,22:44,55,19,Gun,38.00037284,102.9490505
1949,Assault,Guangzhou,2024-12-12,22:45,35,42,Bat,37.47780155,106.5638551
1950,Theft,Xi'an,2024-12-12,22:46,67,67,Knife,31.94826204,108.6803873
1951,Assault,Shanghai,2024-12-13,22:48,22,58,None,32.01033721,101.7720086
1952,Fraud,Beijing,2024-12-13,22:49,46,23,Unknown,33.30073349,104.4122391
1953,Vandalism,Xi'an,2024-12-13,22:51,56,28,None,23.50742557,111.9645059
1954,Fraud,Chengdu,2024-12-14,22:52,51,55,Unknown,38.28823892,114.7132623
1955,Fraud,Beijing,2024-12-14,22:54,60,23,Gun,28.3754105,119.9669502
1956,Vandalism,Beijing,2024-12-14,22:55,62,62,None,27.66277056,118.6622666
1957,Vandalism,Wuhan,2024-12-15,22:57,40,28,Bat,30.37835411,112.851304
1958,Burglary,Beijing,2024-12-15,22:58,22,31,Knife,20.93931934,108.4249611
1959,Burglary,Guangzhou,2024-12-16,22:59,47,19,Bat,23.32566738,112.7235473
1960,Fraud,Beijing,2024-12-16,23:01,23,57,Knife,34.76067233,115.7130324
1961,Fraud,Guangzhou,2024-12-16,23:02,63,20,None,21.65597336,102.3667238
1962,Theft,Chengdu,2024-12-17,23:04,61,52,None,32.06304219,108.1980978
1963,Theft,Guangzhou,2024-12-17,23:05,21,50,Knife,24.90698219,116.7960457
1964,Burglary,Xi'an,2024-12-17,23:07,46,41,Gun,27.78591228,107.676659
1965,Burglary,Chengdu,2024-12-18,23:08,40,36,Unknown,25.77387474,111.4374454
1966,Theft,Chengdu,2024-12-18,23:10,23,35,Bat,27.11345433,111.7553872
1967,Theft,Guangzhou,2024-12-18,23:11,49,66,Bat,34.3809181,103.6895251
1968,Assault,Chongqing,2024-12-19,23:12,59,69,Bat,25.94243431,107.2447088
1969,Assault,Shanghai,2024-12-19,23:14,35,41,None,31.32809281,106.6902258
1970,Theft,Shenzhen,2024-12-20,23:15,32,62,Bat,29.52100804,100.5239342
1971,Assault,Chongqing,2024-12-20,23:17,57,52,Unknown,33.27342331,100.4838353
1972,Vandalism,Beijing,2024-12-20,23:18,49,18,Unknown,38.73659479,116.6339409
1973,Burglary,Wuhan,2024-12-21,23:20,26,53,Knife,34.65144194,105.4614162
1974,Burglary,Shenzhen,2024-12-21,23:21,54,42,None,24.29880757,110.3615753
1975,Theft,Beijing,2024-12-21,23:22,27,62,Unknown,20.6236627,105.9745115
1976,Fraud,Chongqing,2024-12-22,23:24,37,66,Gun,25.24528089,118.8135849
1977,Theft,Chongqing,2024-12-22,23:25,23,60,None,31.90155861,105.1859352
1978,Assault,Beijing,2024-12-22,23:27,65,51,None,21.02851627,108.5931363
1979,Fraud,Chengdu,2024-12-23,23:28,20,42,Unknown,29.92732494,117.454605
1980,Assault,Beijing,2024-12-23,23:30,59,33,Gun,31.93685698,116.8386713
1981,Vandalism,Wuhan,2024-12-24,23:31,28,51,Knife,26.68487782,103.7220284
1982,Assault,Chongqing,2024-12-24,23:33,60,46,Unknown,35.41824407,116.0528662
1983,Vandalism,Beijing,2024-12-24,23:34,34,36,Gun,22.13196506,109.1637377
1984,Vandalism,Guangzhou,2024-12-25,23:35,49,40,None,21.50275563,109.6593774
1985,Assault,Shenzhen,2024-12-25,23:37,21,36,Gun,34.56377512,102.6695994
1986,Assault,Guangzhou,2024-12-25,23:38,21,42,None,29.90982632,101.6120303
1987,Vandalism,Wuhan,2024-12-26,23:40,34,33,Unknown,33.76804793,114.5587861
1988,Fraud,Beijing,2024-12-26,23:41,58,68,Unknown,28.69654677,109.929223
1989,Vandalism,Xi'an,2024-12-26,23:43,36,26,Bat,24.92804066,108.7370141
1990,Burglary,Wuhan,2024-12-27,23:44,22,18,Bat,36.38204635,114.5901646
1991,Vandalism,Chengdu,2024-12-27,23:46,49,59,Bat,35.98831758,115.310258
1992,Fraud,Guangzhou,2024-12-28,23:47,39,36,Unknown,33.89392942,103.1781634
1993,Burglary,Guangzhou,2024-12-28,23:48,23,50,Knife,25.44290274,112.204503
1994,Theft,Shanghai,2024-12-28,23:50,52,51,Unknown,31.80461334,102.7070816
1995,Theft,Beijing,2024-12-29,23:51,39,33,Gun,27.21947794,115.0275017
1996,Fraud,Chengdu,2024-12-29,23:53,18,61,Unknown,21.83164147,113.1391031
1997,Vandalism,Xi'an,2024-12-29,23:54,37,57,Unknown,38.34627151,119.1322924
1998,Assault,Guangzhou,2024-12-30,23:56,39,35,None,22.73637262,101.3791603
1999,Fraud,Guangzhou,2024-12-30,23:57,65,51,None,39.00474708,101.1410944
2000,Burglary,Chengdu,2024-12-31,23:59,28,42,None,28.92011546,105.6437415